x1,x2,x3,x4,x5,x6
2.1545541796721945e9,99.97779309429968,24.979323472419896,0.20733208731894007,0.3430120746329459,84.23096279812218
2.149636456310164e9,99.94166874582592,24.961029703119895,0.4127677894212257,0.3758377776862511,88.3130290096767
2.151787669247673e9,99.90833068931087,24.94026280585496,0.617485733521954,0.4080234535258099,92.04041774688551
2.1447329964342353e9,99.86209324096693,24.920947604893467,0.8201633625767664,0.43994767743034036,96.08796104531922
2.156530412807505e9,99.83100492231738,24.896771627552106,1.023073599842216,0.4711791963725211,99.34568114366023
2.1514184434404297e9,99.78179087352642,24.87607855363144,1.2250080601532833,0.5022087003527098,103.30994020513748
2.1378484553838317e9,99.71855805830339,24.85598414103311,1.4240919294792174,0.532949098777582,107.46574558278884
2.1275370127381628e9,99.65226581319853,24.83379130108292,1.6203247866237702,0.5633970775631149,111.29549845215837
2.152898692777678e9,99.61606183908022,24.80420818979277,1.8156865319197095,0.5935264994106842,113.80258612573546
2.17534127959312e9,99.58364939902619,24.77624451745538,2.0156241098619714,0.6234618754123118,116.66415070213947
2.1887693047452817e9,99.54602049001387,24.75053339180981,2.218595117665005,0.6531372297224675,120.05570820349756
2.1887422129009013e9,99.49360302436939,24.727018124261075,2.4218613241572378,0.68238131023459,124.02437082790532
2.1970266912345943e9,99.44720293230822,24.701685367956973,2.624956614279438,0.7116429212132013,127.66945089110541
2.1992865723236833e9,99.39290204243886,24.677019782185166,2.8282617083635215,0.7406205964891469,131.56921135186653
2.221254694064105e9,99.35741643575992,24.6493867605586,3.032417843745283,0.7700333819020643,134.82189815044234
2.246043346159775e9,99.32826891805922,24.622124594241484,3.2407186810244077,0.799513804990966,138.20041684180998
2.2394412042355804e9,99.26683653860194,24.59925815768571,3.451026830496406,0.8280347085082338,142.8250456651975
2.265412525931374e9,99.23459262092527,24.571821637806423,3.660848197738048,0.8575333346069359,146.30572944760863
2.286941180266334e9,99.20050794232279,24.545687456919655,3.8753592241258494,0.8869822047889416,150.1774700463878
2.291622653228406e9,99.14979764584497,24.521769078339887,4.092835863311985,0.9161002237078033,154.75316146585732
2.304430821801649e9,99.10301698906518,24.496644059054784,4.31055886606305,0.9455167970634347,159.0907153842223
2.3166996516730604e9,99.05339641210851,24.471571548748493,4.530024344395173,0.975091048023449,163.54350059280998
2.3278489492111945e9,98.99998569814416,24.44653478656428,4.751109878309077,1.004842264727659,168.11946384580438
2.3382237153066826e9,98.94254103606447,24.421413798703714,4.9735717531393995,1.0348030403990427,172.7940813009046
2.3425934533564153e9,98.87733887543399,24.396521060452027,5.197733859389408,1.0649826064676995,177.6725972191942
2.3628289343747735e9,98.8159857850083,24.370042409039723,5.420168037339296,1.0953173466433779,182.20913785959837
2.376407690923472e9,98.74829071314593,24.34419319575274,5.646660235851668,1.1260556664847345,187.0728425185997
2.3929687806689634e9,98.67748631490142,24.318034860036853,5.874621182370499,1.157047232623595,191.98491717419574
2.400776205503452e9,98.59926371098985,24.292335434246546,6.105900033954501,1.1886240738848166,197.18705231002969
2.394438744265833e9,98.51162781492668,24.266951727435085,6.339260864233827,1.220908363098031,202.6424728131476
2.391330606254167e9,98.4180823421015,24.240412076130536,6.570298909268896,1.2531006926858987,207.89708476882765
2.3847035332001643e9,98.31759408672397,24.213182170713583,6.800395003610782,1.2855141663608,213.09664851094226
2.399463742592959e9,98.21308673329585,24.184212976277642,7.025497233192406,1.3170854707210908,217.86849237528926
2.409981810021222e9,98.10389650895198,24.155309590768322,7.253328054300804,1.3492148937695312,222.8069383538039
2.4411625520272202e9,97.99049429277675,24.12548171725909,7.480332122553534,1.380611281984071,227.55285884006187
2.446700675104817e9,97.87367476877266,24.09689005590124,7.714757887103385,1.4140984671211254,232.8756825282849
2.459946052052761e9,97.75043845338408,24.06760519112489,7.948914007299379,1.4473792807383603,238.0998935027699
2.491122624358013e9,97.61973361960543,24.03761875600166,8.184209486460926,1.4799816833549315,243.18896092922165
2.505276383450342e9,97.48587291847369,24.00839630202333,8.424201299015897,1.514542012717861,248.70969800949734
2.531686111298586e9,97.34336934143082,23.978642122184645,8.666455775561234,1.5487917631400097,254.15068918820256
2.551965372667974e9,97.19646948687553,23.949053479233555,8.912065335307172,1.5843019771050855,259.8406566876968
2.561087968939883e9,97.04681066419857,23.919459866191893,9.158531940972622,1.6212904507652746,265.7794114633392
2.5696197065088835e9,96.89113512802763,23.889330505867715,9.405213042664277,1.6586885337838566,271.7322244736156
2.5890001673905444e9,96.72611314872164,23.858311000560732,9.653951875327065,1.6956132256282046,277.5592330215045
2.5999258177552943e9,96.5580081261875,23.827000908519835,9.903009900260725,1.733823769266195,283.5883128884979
2.603909390312762e9,96.3858076232957,23.795233149996115,10.15110210052117,1.7729598231953516,289.71915128473734
2.6320009529316626e9,96.19986759846154,23.761877273465068,10.40383858901182,1.8104266622115872,295.5182519022187
2.6144344422968063e9,96.02220399048139,23.729541299956814,10.648807768888847,1.852234973078608,302.02823549683484
2.628279369733876e9,95.82767956291636,23.69506978828208,10.89779684751477,1.8911911524646667,307.92427578599643
2.6402122917989917e9,95.62792878430673,23.6598680690752,11.14715722979098,1.9307413108930176,313.8787689794965
2.647249234013338e9,95.42369617586127,23.624014784295696,11.395854783567266,1.9710427863382005,319.91001712012724
2.657794630071149e9,95.21254817061741,23.58712036082066,11.645445403642476,2.011339769079013,325.87234688441697
2.673873716825905e9,94.99431515992016,23.54907945243689,11.897161982579878,2.0516105337017363,331.76358019019057
2.687022617402555e9,94.77134518668987,23.510256785978477,12.14957266427374,2.09263295051082,337.7248768622272
2.69877320319889e9,94.54295142978464,23.470583494164416,12.402673563635878,2.134223562801562,343.7081955037855
2.698989876893499e9,94.31040583367583,23.43047969591693,12.653075744130472,2.177002079584774,349.833291822198
2.713602629069688e9,94.06892805646646,23.388983323270676,12.907320711556554,2.218990054948602,355.6738026410537
2.730872952693644e9,93.82132878100964,23.346585787572124,13.163932147380377,2.2613748656797714,361.4728026253567
2.7367843772778764e9,93.56842741308895,23.30376495765893,13.418840988759259,2.305045310534297,367.43208507006426
2.7381488763253536e9,93.30853235320339,23.260318274048245,13.672582962135822,2.3492558819308003,373.3881980738433
2.7465303748226504e9,93.04197145096222,23.215971601869054,13.927990256035578,2.393262785642769,379.1576235135308
2.7622871869190245e9,92.77020686724894,23.17078509485737,14.185939693486505,2.437275152322534,384.7734756690356
2.765148118091937e9,92.49213499118996,23.125044536641628,14.44113516257897,2.4823997088169385,390.5674941544663
2.780867208825595e9,92.21086174554489,23.078461078141924,14.699205397305564,2.5271823603921084,396.09785038040224
2.794438185702581e9,91.92585396720804,23.031148684614127,14.95732252150433,2.572492796905785,401.64927068497536
2.81351579703993e9,91.6390260627416,22.983091659228986,15.217468235999965,2.6179640475863737,407.09004464585263
2.8223045311408625e9,91.34794827423494,22.934197514501587,15.475548642071185,2.664085237104841,412.6915275786375
2.8242150177518396e9,91.05250160255835,22.88443326863425,15.730928951638885,2.7104776920364007,418.35637209714633
2.837914888787895e9,90.75672878212157,22.834007387054676,15.988773881480203,2.7566404576248322,423.74457329233417
2.830367991719665e9,90.45468123782327,22.782414648226357,16.239461785398813,2.8032392175957526,429.46271813624804
2.8559742280134726e9,90.15630327741118,22.730644545307296,16.498990833891643,2.8492850812954305,434.49019155353034
2.8707820895388947e9,89.85633316319218,22.67775680941859,16.757035963610743,2.89574006263693,439.7094699359769
2.873894078503932e9,89.55392535641273,22.623746384527745,17.010949260190397,2.942278546745568,445.0990017099977
2.8792376140402055e9,89.25044103357247,22.568972125995828,17.264288037039424,2.988712839143881,450.3701070541395
2.8847095223730526e9,88.94609482839118,22.51337822092409,17.51653001953019,3.035039651639461,455.5683558871704
2.9123640548446884e9,88.64350299322076,22.457531166119427,17.777403083070975,3.081466720774741,460.3007828600172
2.9238135119968386e9,88.34182294195162,22.400300620930064,18.033585131459798,3.1276813622580963,465.30756534868453
2.920653506461838e9,88.03979498717672,22.341825880443885,18.28248103729143,3.1734046715283313,470.5045312637821
2.9288243123064384e9,87.73758915564815,22.282956798860944,18.534239523656492,3.2191137137492993,475.41303381334194
2.9434079197963367e9,87.4365656177314,22.22349689117752,18.78842239168907,3.2647091312682806,480.1434564901507
2.947101905753276e9,87.13708036042583,22.162909440211838,19.03722342540038,3.3097769818001725,484.9841068843847
2.9509214201176667e9,86.83838193622711,22.10161651302461,19.284437218409003,3.354583075144982,489.7400447421658
2.9486179206435366e9,86.54056722395829,22.03944181459866,19.52669221502376,3.398977186494616,494.5083104479516
2.973569528724149e9,86.24389200961689,21.97742006444704,19.780968938542134,3.4438001439846904,498.79041677583785
2.968716572753431e9,85.9507766591813,21.91369865004275,20.020658913268985,3.4875677823120887,503.43939335538016
2.980283285674058e9,85.65887789810982,21.849892929313977,20.26633877798371,3.5315753777020427,507.7833779562026
2.9821199147897496e9,85.36979699718403,21.785127768726618,20.506076610834,3.5750779177851277,512.1919237195332
2.9800335181201715e9,85.08253667761193,21.719654388816554,20.741483990333936,3.618270829163803,516.5858688205284
2.9899027304831133e9,84.79748982810816,21.653957043047942,20.980878545004515,3.661546463509241,520.7671713097781
2.9837624269877677e9,84.51520639980639,21.587204476985523,21.21029830533486,3.704188311972113,525.0843582548144
2.9999273953771715e9,84.23555508335555,21.52051047746538,21.448982602890684,3.7471115965497437,529.091611451508
3.0107067024848857e9,83.96062846871068,21.4530969006775,21.684700278136912,3.7896127248638427,533.1016385517208
3.03009400999947e9,83.69057133111647,21.38539297750211,21.924681684648526,3.831992574194474,536.9691949287125
3.02520344494671e9,83.42357440732972,21.31634450288836,22.150598913110063,3.8735726290468286,541.0238341764408
3.038859478947767e9,83.16013373043005,21.247472490142343,22.384408553125155,3.9153152036105503,544.8680363110948
3.0358429004618144e9,82.89944272525959,21.17754934110613,22.607768734723027,3.956515769120219,548.814630310655
3.036050933227933e9,82.64105317466336,21.107330461782556,22.830247708326592,3.9976258651329593,552.7077715136036
3.0448034438080225e9,82.38591225184621,21.03699459082685,23.055578849536147,4.038669605006884,556.4993788067956
3.043622164263966e9,82.13329729654112,20.96594642590765,23.274095732739077,4.079442137807787,560.3310493267873
3.0562672711758714e9,81.88407407030599,20.895021955777047,23.498423173991956,4.120190360995741,564.0293051110381
3.063004688954218e9,81.63824982895312,20.823609597181655,23.7191347977692,4.160715272148798,567.7235941738704
3.070322776879185e9,81.39555024605819,20.75193838209803,23.93908403333352,4.201096715420897,571.3788142857701
3.082769592091076e9,81.15654843426796,20.680219121696744,24.1609647366742,4.241323671488348,574.9591961546312
3.0807336830558424e9,80.91979706800282,20.60767045042138,24.374259004528135,4.281400137771892,578.6098591438758
3.088182274790637e9,80.68585620433375,20.53526605899998,24.590422312721508,4.321407387808585,582.1844525447252
3.0840261696138105e9,80.45377247363095,20.462191825489246,24.799202797439168,4.361368182212047,585.8216891112863
3.0895450506276646e9,80.22424960632404,20.38926192145166,25.010409955754437,4.401253871543673,589.3967798253684
3.098159764366529e9,79.99798488660633,20.316252680425613,25.221910101691474,4.4410032530539185,592.9343566844726
3.0904751272631836e9,79.77316261727883,20.242540544183214,25.42439793956829,4.480813467208554,596.561994243189
3.106908045111434e9,79.55222288854961,20.16935752366292,25.635287110541007,4.520355318878923,600.0625031379716
3.1240365067591467e9,79.33616231336092,20.09615496513748,25.846852263241036,4.559657680024727,603.5184855166879
3.128321737261978e9,79.12284202149422,20.022497708617603,26.05285185990571,4.598925030648861,607.010840228193
3.1389881955169177e9,78.91342514265953,19.948927392399245,26.26006631506286,4.6380092349565585,610.4722660431083
3.1491364692753386e9,78.70770850321102,19.875276347873648,26.46629525552989,4.676941107235666,613.9224768562093
3.1364407673600316e9,78.50035172140421,19.800826500260804,26.66188953005623,4.716150397387047,617.4627729397554
3.1471160995517507e9,78.29922053406294,19.72689891933262,26.862849429907453,4.7549723047889465,620.9704718772459
3.1523262045401115e9,78.10079385084241,19.65282851077711,27.060878820980697,4.79370251532814,624.484218627793
3.1646616779187646e9,77.90766819368453,19.578877235184432,27.25999444357197,4.832093368666589,627.9861268907637
3.18413305515745e9,77.7212764057038,19.505147685188003,27.461256336185617,4.870017732644995,631.4565220644971
3.2007594594773903e9,77.53953542309057,19.431512832952937,27.66208956214694,4.907649283612989,634.8917192053702
3.205457390659004e9,77.35796600954205,19.357606276705337,27.858552113397877,4.945319627549907,638.31743660352
3.2123026017851934e9,77.18031169357025,19.283799657362646,28.05409045945887,4.982725612601049,641.7524488048019
3.208551778566194e9,77.0012586117147,19.209698718231145,28.244380525040974,5.02028218788579,645.2014858345361
3.208436283538e9,76.82589077104085,19.13575554014997,28.433109628892847,5.057589768104484,648.6909643791325
3.203148241234205e9,76.65066379930616,19.061746243884876,28.617769294321118,5.094938044246126,652.2090757075091
3.2028321436252007e9,76.47976243384706,18.987935079961318,28.801060494790345,5.13196794960371,655.7804323484157
3.212346034131967e9,76.31608210926785,18.91444742448274,28.985175330903658,5.168379535343226,659.3981150563136
3.2283588091974654e9,76.15942827056293,18.841341252950635,29.17056447715305,5.204157011495104,663.0241077834789
3.2324126152681875e9,76.00108075080298,18.76825807089643,29.352485262322954,5.240100259711228,666.6035669659831
3.2387917560844235e9,75.84693460926253,18.695449143630274,29.533577928023306,5.275671484362448,670.2109551596968
3.2470804693197618e9,75.69702515357986,18.622952026166086,29.714074659527224,5.310852884030284,673.8379564703423
3.245297265277276e9,75.54465416133209,18.550437370571412,29.890551302033035,5.346295284749036,677.4515001991671
3.257047175898799e9,75.4023560859315,18.478536828968274,30.06875925920571,5.380756958374273,681.1496372226031
3.2617174212545485e9,75.25942941425228,18.406808265003765,30.244517846487938,5.4152944800751905,684.8239745086357
3.2723556303943243e9,75.1227821258287,18.335624671504075,30.42077436383675,5.449214642899881,688.5406248618127
3.2616645161606154e9,74.97633176102343,18.264087967005814,30.58996301845724,5.4842466527444715,692.1987069154868
3.247433660345605e9,74.8294134703023,18.19266214549035,30.7547784368499,5.519462240299507,695.9393156527256
3.260803710951491e9,74.69964900532663,18.12227944349542,30.923670994188544,5.552830889664902,699.8815499496458
3.267509058063447e9,74.56924483905219,18.052210789129447,31.09087337519442,5.586334002893282,703.7930214197199
3.2825346654449825e9,74.44632291488398,17.982872336289663,31.259688072499074,5.619006506632295,707.7502952369791
3.2810842815627604e9,74.31678322670243,17.9134680877463,31.424221865465945,5.652546007889242,711.6461372337184
3.272978333311195e9,74.18542169887833,17.844138445285182,31.585010075295376,5.686424438160285,715.5861909211139
3.28071932240444e9,74.06502956828332,17.775695848947727,31.747511003045048,5.7190346279334525,719.657837051887
3.27295089073542e9,73.9383791531679,17.70712406913256,31.905346955085754,5.752531013101281,723.7095793521222
3.280636192188661e9,73.82223157689302,17.639457021664175,32.06477163357708,5.784783360453182,727.8887617800655
3.295029517494878e9,73.71237574963712,17.57259293060667,32.225647758326026,5.816283467944299,732.0988810843019
3.30728043056968e9,73.60427760150762,17.50629404712323,32.38672414441569,5.847615547855474,736.2890400816107
3.309722978396393e9,73.49322005345434,17.44013600581277,32.5455300441292,5.879375540429809,740.4584711727931
3.3087353500932474e9,73.38226717486805,17.374266031059697,32.702452642517294,5.911199460405703,744.6695901662025
3.303130144931296e9,73.27064061660265,17.308586785197836,32.85679511584283,5.943197698002091,748.938635520358
3.297182048125345e9,73.1606661356295,17.243265370228343,33.009231976028715,5.9751083149566115,753.2962697996717
3.306429339557598e9,73.06061260666495,17.17902986168588,33.163691630136334,6.00589341335213,757.7653788702908
3.321199158566756e9,72.96586758582063,17.115669380850857,33.31986162962175,6.036068719992272,762.2513881419161
3.3232106822979536e9,72.8666262397361,17.052369345529623,33.473825030537135,6.066779050790626,766.7070989095436
3.3369278046162014e9,72.77568224695875,16.990154954564616,33.63030185582166,6.096560297270862,771.2207581058349
3.334469188501355e9,72.67782668281636,16.927762408574786,33.78342702743144,6.127074719773161,775.7139624725527
3.333083601527012e9,72.58214548603432,16.865850852364208,33.93573989093577,6.15738072189341,780.2825500252535
3.32706840937784e9,72.48548674248538,16.804145473368433,34.08587597809908,6.1878162836234205,784.9198349475495
3.3389728360234213e9,72.3999031520427,16.74369040890139,34.239195086560464,6.217028799762335,789.6479901846213
3.3363514554374747e9,72.30827439436909,16.68316634557402,34.38961658628487,6.246828178749519,794.3731753843349
3.3387053751798778e9,72.22074057962313,16.623309202849462,34.54037090885415,6.27616652773686,799.1697119190891
3.3395536716448984e9,72.13383338908847,16.56387549193685,34.69042830973345,6.3053821284591285,804.0114741500195
3.335224018389165e9,72.04555386820495,16.504673444678684,34.83867964839281,6.33470417829071,808.9093610203211
3.3457427194361978e9,71.96615920276294,16.44654694881962,34.9896494451545,6.362979682379997,813.8739097614069
3.354147111279366e9,71.88703609756342,16.388946083545605,35.14101736641763,6.3910743878910745,818.8322067702359
3.362470889725489e9,71.80907575213516,16.33191764515387,35.293037120010545,6.418892215116176,823.7940339200445
3.357737326292995e9,71.72528699028231,16.27482062057163,35.44211353118041,6.447184985215914,828.7735057458663
3.3711257391479106e9,71.65193080028843,16.218944133472263,35.59515741256279,6.474291029034742,833.8145683705352
3.3811998374677143e9,71.5779204618798,16.163540749570533,35.74878096527348,6.501269371909596,838.8301457455159
3.393999808260684e9,71.50630170592294,16.108831269458147,35.90426303838845,6.527816494095643,843.8349354045897
3.3852049662383633e9,71.42374396458065,16.053628612569973,36.054391820454875,6.555257987746385,848.8205547937386
3.382126208041145e9,71.34519110593187,15.999030198987318,36.20493857313897,6.582272690634662,853.9064702533434
3.3884504177580514e9,71.27232555059916,15.945245540758997,36.35765728418921,6.608603836628683,859.0563476464113
3.374197020596062e9,71.18943774767362,15.891041919660504,36.50450669575441,6.635791395619446,864.1985929779897
3.3737314168137774e9,71.11464135265832,15.837698588870262,36.653792749364534,6.662152874127609,869.4834749334759
3.3848469795638824e9,71.0462059049975,15.785219998356437,36.806251652898965,6.687691227241974,874.8221667893342
3.391295846377997e9,70.97609360800777,15.733101656794604,36.95847707746862,6.713184281605145,880.1249820376366
3.3834100860040784e9,70.89953563030355,15.680918241402862,37.10674721588674,6.739171061690224,885.396070776546
3.391883854935617e9,70.8316405686776,15.629641329863768,37.259170108998184,6.7641845371375835,890.7928037271823
3.388413150455923e9,70.75868613227541,15.578445031135653,37.40862535982278,6.789550105418062,896.1382123248127
3.4036837552411656e9,70.69504051670131,15.52820891211192,37.56350666968102,6.813824152489435,901.5969094152456
3.403581562144836e9,70.62483694535513,15.478033251023987,37.71497277450053,6.838569550377211,906.9380506326839
3.40708465614914e9,70.55692728861477,15.428346181385875,37.86748899491164,6.862975324576052,912.3268073446685
3.4060766758620324e9,70.48765180973335,15.378941580290382,38.01873969021609,6.887410074237061,917.7056129944473
3.3985287181977887e9,70.41639472870314,15.329733621988586,38.16766201475498,6.911998671468447,923.0944143164718
3.4039153397735124e9,70.35129642426078,15.281148341150931,38.319958656811785,6.935904128195479,928.6219828328094
3.410985658463054e9,70.28734885985313,15.233011555517859,38.47319353441224,6.959559791840523,934.1487571723118
3.428035316362043e9,70.22751408551011,15.185506126391706,38.630158214867315,6.982611367229055,939.7022643455314
3.427949576461457e9,70.16157565835887,15.138140679458557,38.783081266061345,7.006149746433075,945.0837262769705
3.4410195506278806e9,70.10080565509747,15.091375914912133,38.940174149510824,7.029039610803912,950.5621482436621
3.4374905233291225e9,70.03470640955396,15.044749274921715,39.092946160777736,7.052397573660471,955.8926568952357
3.447826494033312e9,69.97365192555152,14.998673924737435,39.24979583332227,7.075146362210647,961.3484182723248
3.4640941699308205e9,69.91446572494189,14.953105986777425,39.409333539563285,7.097528295549727,966.7910664379007
3.477580646013166e9,69.85446710997729,14.90794242006174,39.56934592977423,7.119843608319114,972.1379427043355
3.4716667151029005e9,69.78979719102853,14.862902950003436,39.72415400860605,7.142700135174639,977.3206788182794
3.472090201581125e9,69.72745580021771,14.81823792399687,39.88044796403843,7.165300561979452,982.6075546193105
3.461757391843496e9,69.66371617792285,14.773759968551664,40.033517297302595,7.188179400338895,987.8718324160759
3.475316630809339e9,69.60516413151156,14.72980744077099,40.19260920915553,7.210308084491199,993.3360005817304
3.4810510041839714e9,69.54545031181095,14.686174912346512,40.35058039859282,7.232551093893801,998.7016550573509
3.490640223205977e9,69.48652507329695,14.642924687452734,40.51001182395141,7.254608813274544,1004.0675030574945
3.4899248658586116e9,69.42660809968338,14.599936873596361,40.66746288455166,7.276868564498441,1009.3595976128573
3.487535209089928e9,69.36710657960266,14.5572238688587,40.82441813705345,7.299123486180599,1014.6782378377573
3.4974535356232924e9,69.3090209957596,14.514884377691333,40.984123370789085,7.321008471127561,1020.0697192662511
3.514028203810123e9,69.2511075925378,14.472941584585193,41.14610426281444,7.342636089534819,1025.4304761834371
3.5116691139725227e9,69.19172770100649,14.431224854781583,41.304822349697645,7.364648738693089,1030.6546481174867
3.509206827613267e9,69.13275291567142,14.389759920101188,41.463259765934296,7.386611362000069,1035.9190379933066
3.5185381384099455e9,69.0744138593575,14.348623830062273,41.624066180107405,7.408234178877399,1041.246522624073
3.5230990834093966e9,69.01556872720658,14.307766305745055,41.78442680604224,7.429896820275214,1046.520167424385
3.549153158488596e9,68.95670659927129,14.26733489269762,41.9497503729781,7.450990749877957,1051.8230935974684
3.5423985569035053e9,68.89592888840136,14.227054901669723,42.10974945511338,7.472798428088655,1056.9037745266448
3.5463801036622324e9,68.83562126303919,14.187060527959247,42.271532616905084,7.494286369163611,1062.0763818324665
3.5398557230810204e9,68.77496886050751,14.147232440281769,42.431191535219334,7.515961550028332,1067.2225158157178
3.531235614262876e9,68.71472606637441,14.107578277598662,42.58982625666642,7.5376078691489,1072.4319585392611
3.5352482408427973e9,68.6548739324374,14.06818332555949,42.75035153059556,7.558908761061198,1077.742120846842
3.54097940750258e9,68.59447874449894,14.029029199952438,42.91134488206083,7.580110272247208,1083.0413041608538
3.549990837800413e9,68.53331683844505,13.990127802812237,43.07322664970631,7.601184585610896,1088.3194122030548
3.5545199170529375e9,68.47117559469805,13.951424703042223,43.23460324562841,7.622289860802477,1093.5397800736225
3.5603247675439596e9,68.40829617087415,13.912933630628391,43.39630619890639,7.643310158168963,1098.745188944034
3.561684134296601e9,68.34459629797844,13.874598440537861,43.55720916211131,7.664362024751221,1103.915777290293
3.578837246364513e9,68.28013149757845,13.8365904224077,43.72109581073244,7.685056409888364,1109.1193928356654
3.583798918605689e9,68.21382049264224,13.798684192410407,43.883278642869485,7.70596628688113,1114.190694465909
3.5952535843466644e9,68.14651277121278,13.761028159328944,44.04672972535123,7.72671305642123,1119.2546584588786
3.605286460821522e9,68.07764922241678,13.723542815264612,44.21021694375965,7.747480794701981,1124.250079098153
3.602959191393331e9,68.00738460075583,13.68604284601705,44.37145519830865,7.76852063153071,1129.1725656916226
3.613448058949213e9,67.9367578571238,13.648868527773734,44.534659660401054,7.789243479965437,1134.1535205538673
3.603142849886131e9,67.86461793102846,13.611508881268287,44.69412638610596,7.810444372012964,1139.0517194627291
3.593362188245178e9,67.7929797331083,13.574269115111104,44.85285381750076,7.831532441463682,1144.054207359558
3.5927536700334783e9,67.72170597199515,13.537276884628403,45.012354847381985,7.852350364581404,1149.1621406468357
3.6016975981884446e9,67.64978497054021,13.500551480420249,45.17298687817141,7.872961490860269,1154.2991954868064
3.612358952679643e9,67.57629716830697,13.46399818551271,45.33386834804228,7.893555216378297,1159.3856032276944
3.610529308724414e9,67.50114671774061,13.427349396430063,45.49291738086064,7.914428579467801,1164.4081188778896
3.614033718593831e9,67.4255263830863,13.390902601247515,45.652318214131256,7.935164446999096,1169.4703989659893
3.624108728143656e9,67.34884268246581,13.354696237965552,45.81239436923924,7.955775321285122,1174.5294974408898
3.6265391705920486e9,67.27047680413142,13.318440703176268,45.97146270071197,7.976588389942455,1179.5387766254978
3.6284073612114353e9,67.19119589548755,13.282262733860835,46.130199086770546,7.997423241189737,1184.5591028201436
3.632538183648972e9,67.11104222396546,13.246223525227249,46.28892588778155,8.018222425167245,1189.594510307855
3.6552156120286837e9,67.02970925908204,13.210741086649818,46.44954441712212,8.038659847277591,1194.6179753507856
3.660537986169753e9,66.94533614475768,13.174911352204761,46.608650363871234,8.059627547486588,1199.5157602715722
3.6747529727731023e9,66.8597775699592,13.139428440504577,46.768537049479164,8.08042505940536,1204.4062974995597
3.6891136531248035e9,66.77204793105199,13.104044580197343,46.928556148218966,8.101325683860962,1209.2332473303316
3.692655177349038e9,66.68196256328129,13.068345816011519,47.087614622796224,8.12266661270896,1214.0094650790884
3.703149828119825e9,66.59089715243645,13.03295533156448,47.24711591015448,8.143855904882981,1218.8009337848496
3.709654175878193e9,66.49788555981301,12.997449731538174,47.406224243400956,8.165286053172684,1223.568860753119
3.694995583285998e9,66.40302265525821,12.96109375828092,47.563318614465636,8.187514582596364,1228.3617831358974
3.6946703418229322e9,66.30943957947336,12.925410930932541,47.7209335765993,8.209165275511008,1233.2976625069625
3.6906302857088346e9,66.21508299968022,12.889606706483525,47.87790253683564,8.230967827965525,1238.2888933492068
3.6931201161746745e9,66.1204730973727,12.854100345250478,48.03484951914227,8.252593902937901,1243.349212064116
3.6942828510013924e9,66.02469612501207,12.81854968707528,48.191365111621195,8.274332954606152,1248.4384331380834
3.70231628238144e9,65.92793449729909,12.783295034398218,48.34788739809801,8.29594243082317,1253.5538670408707
3.702582341464977e9,65.82919436788396,12.747690931547462,48.50374434937968,8.317902227211711,1258.6660925062724
3.683431832800768e9,65.72937826175557,12.711224163893208,48.65835116319946,8.340478714739419,1263.8556033815744
3.68967336434744e9,65.63125484066482,12.675930245122,48.81346235252547,8.362199511197922,1269.1970557487743
3.682565285283039e9,65.53128886421999,12.640030303787976,48.96781820631916,8.38438165499018,1274.5538055319657
3.687570200027221e9,65.43125774520286,12.604670073541211,49.12213041375242,8.40623772987681,1279.9882091475567
3.693127426880295e9,65.32951382405889,12.56930350285339,49.2761409104003,8.42818349333564,1285.422428230124
3.704238039204579e9,65.2259788510229,12.534153282621771,49.42996547339663,8.450094711289655,1290.844341258518
3.7157255277534704e9,65.11991133693655,12.498965050000479,49.58355920964947,8.472148857035897,1296.2206729005663
3.7229960051671405e9,65.01126394630172,12.463500954257897,49.73690057142829,8.494478648248041,1301.5606516500225
3.7369093913965826e9,64.90066027206463,12.428307814718195,49.89014152809266,8.51673531068206,1306.8806798342978
3.749175270175445e9,64.78716744837787,12.392932970311058,50.04322819803421,8.539216768264659,1312.1464164934944
3.7250910516696424e9,64.67072796808918,12.355479478379626,50.19592040390453,8.563053147061284,1317.439527040606
3.72715481408095e9,64.5571782818917,12.31955418954852,50.348941756832076,8.58580527678017,1322.9324796350988
3.725562530179848e9,64.44243120177924,12.28336951849598,50.50191583857118,8.608723513768647,1328.4667040797508
3.7305484863038197e9,64.32703424536997,12.24748506878697,50.654788757126624,8.631490754148448,1334.0534390735163
3.7325848971473374e9,64.21002130845498,12.211350629827416,50.80762739238222,8.654431048534379,1339.6559760800692
3.7301162368055253e9,64.09186202483698,12.174893179448,50.96054519193226,8.677549682210813,1345.3022450551568
3.7251795790305767e9,63.97326452907544,12.138248343963083,51.11361543001485,8.700735518470328,1351.0257741816797
3.734962977625769e9,63.85449021835822,12.102356256539718,51.26632288589737,8.723552392913255,1356.816222287134
3.743101594054714e9,63.73339251588946,12.066236991022818,51.418973073160544,8.74654754170721,1362.5770780889611
3.7455630508977733e9,63.61031121715909,12.029671287827085,51.57179884781759,8.76979803817795,1368.3319198728805
3.7524064472639465e9,63.486077672170815,11.993248524032794,51.724545051145874,8.793001277372259,1374.1113065450993
3.7534722633262415e9,63.36016630045546,11.956374694858328,51.87759483009872,8.816439381818409,1379.897043887343
3.748271466537922e9,63.23353649812738,11.919064261104142,52.03114545993413,8.840040619949152,1385.7383321004406
3.7443807894367514e9,63.10705098906775,11.88178048089517,52.185028393978186,8.863552313090002,1391.6723397356272
3.7418249268720503e9,62.98047146270046,11.844508656263658,52.3392063887787,8.886994222968507,1397.6862957765734
3.747481952801683e9,62.85340320988759,11.807588482563276,52.493162885725,8.910268500642772,1403.756107679473
3.750419237602337e9,62.72488621348132,11.770378620994194,52.64741271949866,8.93367907593934,1409.8312776603618
3.7665700617745457e9,62.59493057867502,11.733707191577832,52.80087608676243,8.956942944113818,1415.9076454900803
3.7691860340210934e9,62.46232159563369,11.696100528803685,52.95523257655429,8.980660379314617,1421.9249698075914
3.766834227297515e9,62.3289683997847,11.658085388334031,53.11022274071734,9.004534372019146,1427.985269731125
3.763144162958582e9,62.19557725595172,11.619881128704963,53.26577380687381,9.028448916264264,1434.1232524327686
3.767648207013567e9,62.06207110303075,11.581963769998225,53.421168340521966,9.052262111999315,1440.3303029155963
3.768512192594068e9,61.92757991831094,11.543678172515444,53.5771542872948,9.076241446437768,1446.562208658922
3.7586157089073563e9,61.79295335930239,11.504709787739252,53.73453424216598,9.100430572115368,1452.8676794760486
3.747072690010483e9,61.65962390350969,11.465596131798783,53.89304372360283,9.12458612809793,1459.3169727229645
3.7328851946993966e9,61.52790845537304,11.42630553340492,54.05294847683297,9.148714312019019,1465.9250580401572
3.72184393170542e9,61.39801207918205,11.387106592766049,54.21378333975413,9.172737009708209,1472.6996406675992
3.71676236042522e9,61.269317935330115,11.348064326682277,54.37498665139133,9.196669392583177,1479.6067862972275
3.7239708051185765e9,61.14063148040551,11.309355495793556,54.53539635431621,9.220513991193439,1486.5827817493985
3.7160588572827463e9,61.01106128122434,11.269823006084044,54.697916486527134,9.244684669975848,1493.5748207161664
3.715948775381349e9,60.88221452736569,11.23045541683595,54.86044119886373,9.268795144012795,1500.6696357490857
3.7068789692799897e9,60.75352263691041,11.190576989256801,55.02473700160694,9.293089248761147,1507.8325428268963
3.7034980814273925e9,60.625869971264684,11.150771986293536,55.18937784453967,9.317336141767347,1515.1100117804826
3.695476596589637e9,60.49878715935834,11.110644390857358,55.35543075251169,9.341693328936602,1522.4715114174603
3.702937668915225e9,60.37209965651287,11.070857164987382,55.52041191568358,9.365903717667301,1529.9185004236228
3.715849103494343e9,60.243678503470434,11.030980414234223,55.684901042157016,9.39023436506103,1537.3336013211847
3.7176064086581993e9,60.11351814319179,10.990479219299365,55.85089231010704,9.414903148307891,1544.7072126460241
3.722597882663632e9,59.98278934890735,10.949858521169132,56.01713075057593,9.439651774338516,1552.1081331425635
3.7409620074442973e9,59.850418034321834,10.909364990523189,56.18221257177122,9.464440623451212,1559.4858525698437
3.7309132897587337e9,59.71654005356879,10.867744979765108,56.35060007598588,9.4897206388234,1566.8348043634076
3.728213908960063e9,59.58395284794263,10.826226610087135,56.51959484492174,9.514919355044308,1574.2998825296525
3.727174466512821e9,59.451722795002745,10.784575700368869,56.68942568865638,9.540152219367934,1581.8344740540424
3.719728867235878e9,59.3200549354857,10.742598279995542,56.86097735048552,9.56549557025834,1589.441516822118
3.734139352340846e9,59.18822058690668,10.700912919477638,57.031255297746654,9.590672404511839,1597.113192102441
3.7381631015336223e9,59.05466645077367,10.658705981722306,57.202884564179136,9.616182256087226,1604.7381404191945
3.730006929477486e9,58.92125774794798,10.61605698162674,57.37662774118969,9.64189685996494,1612.4060517279504
3.730078381787385e9,58.78868917799946,10.573427484275312,57.550960393017384,9.66755778906912,1620.1694792342773
3.7355344449167795e9,58.65578916420441,10.53067641560882,57.725712477001814,9.693275955094231,1627.9717091117475
3.7496878677416224e9,58.521487630326554,10.487782784921738,57.900288693408704,9.719096935617895,1635.7691007531485
3.753231800941977e9,58.385656677265146,10.444435350276267,58.07620042415603,9.745249714907372,1643.5235968786278
3.7495916525635066e9,58.2498247065097,10.400798054637619,58.253703601378284,9.77157981748187,1651.3121802076614
3.750423656701213e9,58.114437603512116,10.35706918779862,58.432162675302116,9.797948987098229,1659.172678960844
3.7431206907199464e9,57.97953357715996,10.313104269865978,58.61242569357862,9.824479506547917,1667.081398856724
3.7556951523763413e9,57.84479709397561,10.269177997060686,58.792601921678234,9.850920967915867,1675.0816357775138
3.7619592511781387e9,57.70853854907666,10.22490968277794,58.97374891296513,9.877658663293797,1683.0412962480611
3.763700078899475e9,57.57170043327665,10.180392083407929,59.15610036719161,9.904602314100385,1691.0062468911658
3.76985506066085e9,57.434551620901644,10.135717027558709,59.339277356405,9.931654170609164,1699.0087282979746
3.764309521597574e9,57.297188822431416,10.090793762140443,59.52414825522603,9.958937713099205,1707.012366344308
3.763280661487055e9,57.16067581907171,10.045811016314415,59.71030223275992,9.9862394164341,1715.1007598949423
3.7710742580916967e9,57.0241462506727,10.000713584277868,59.897175225024775,10.013593590774061,1723.2505704854666
3.766447390641685e9,56.88706441538176,9.955376509761374,60.08556318278672,10.041190247423806,1731.3777019461704
3.757971644883304e9,56.750997732820416,9.90997738302575,60.27564361125519,10.068839050622728,1739.5673766287227
3.760037685670715e9,56.61609102367548,9.864571980069943,60.466798834438535,10.096446502200784,1747.868116767778
3.755926338820386e9,56.4811718311736,9.819018308551243,60.65928780529493,10.124189298867902,1756.1782304128535
3.758187884962496e9,56.34690361340913,9.773410421469734,60.85282892675392,10.151959693929035,1764.5641938715005
3.753963154527172e9,56.21252827125142,9.727657401900535,61.047640742887424,10.179859083021103,1772.9509678149293
3.7584003659264574e9,56.078833586375765,9.681876201696298,61.2434584479437,10.207789950130579,1781.4212634841047
3.766861667454738e9,55.944570595327725,9.635950914874321,61.440022497563554,10.235875205892556,1789.9127435598814
3.7583812724625077e9,55.80922295948106,9.5897803875469,61.637763953017945,10.264140238878408,1798.3273138428863
3.7388751892379055e9,55.67521864238838,9.54360812195491,61.83731595490341,10.292347147038964,1806.769954598561
3.7378934992960973e9,55.54431969557434,9.497709249760655,62.03850785109711,10.320412520146322,1815.416850796118
3.749401028401822e9,55.41379372675271,9.451835767838292,62.24061804448341,10.348576819842668,1824.1505745031752
3.7619312147654753e9,55.281614593902155,9.405736616581711,62.44319525405971,10.376997638135117,1832.8533929393234
3.762262415608728e9,55.147503808577156,9.359313159936809,62.64632693255521,10.405613784366631,1841.458460465891
3.767787660481672e9,55.01353967511416,9.312877042546418,62.85054864871583,10.434339323406583,1850.1141036669392
3.7655921065681777e9,54.87876520734664,9.26625720365038,63.05562267297581,10.463155147798899,1858.7275708123423
3.7597610112641273e9,54.74438424824238,9.219604416370544,63.26189870249608,10.491965766129384,1867.3556569639416
3.7537195067617764e9,54.61097917409624,9.173005320255063,63.46952545808352,10.520743605906887,1876.0318558298322
3.754778986180685e9,54.478710639516635,9.126549367329696,63.67860021894824,10.549565321035693,1884.7989175268492
3.748678939002409e9,54.346246360893225,9.079979896000308,63.888565909490865,10.578387508451332,1893.5350464456096
3.7423979968456e9,54.214741606600434,9.033493304538379,64.09984187526197,10.607181091677111,1902.314120977769
3.746554339869836e9,54.084418143193446,8.987243438049717,64.31273150066394,10.636080664270635,1911.2060372717133
3.7611188942563515e9,53.95377174028478,8.9410773848674,64.52682558262705,10.665259512349694,1920.165061786188
3.7710280459746847e9,53.82109913689881,8.894614911056317,64.74118331659028,10.694677793480079,1929.0427300317426
3.7757739386008997e9,53.68712365644895,8.847939054451707,64.9560684698192,10.724240276578366,1937.8586830586567
3.768691484818657e9,53.5524911860878,8.801056253191065,65.1715270162952,10.753743911937276,1946.5879497219794
3.7634548022323294e9,53.419019985136664,8.75436125875204,65.3884529804736,10.783241381187121,1955.3771800445068
3.7580859436313863e9,53.28640836121529,8.707796989633053,65.60667013947567,10.812729565221817,1964.2025935870197
3.755955876567483e9,53.15468396456744,8.661419232718702,65.82630578859226,10.84226747482625,1973.0892576779017
3.756107825189592e9,53.02337646782496,8.615161218956336,66.04718703745907,10.871886785084317,1982.0160155016981
3.761381885774783e9,52.892188168859676,8.56903125308123,66.26937263115701,10.90166983812322,1990.9959062680985
3.7470770834406056e9,52.76028379441225,8.522551332270945,66.49132343775217,10.931256631025883,1999.8112027809282
3.7607390890994506e9,52.63044082232695,8.476841701841497,66.71647890945148,10.961180082475199,2008.9229654841438
3.7639489211131425e9,52.498906398738605,8.430761708706871,66.9413949437542,10.991203367057434,2017.9064332281953
3.7553427073331733e9,52.36698882870617,8.384480686653761,67.16641819668665,11.02112347066449,2026.7938322475682
3.75813300336665e9,52.23621635994154,8.338618373898436,67.39345387399183,11.051170509942873,2035.8214166887801
3.7582974736280622e9,52.10510521438683,8.292713929808711,67.62109718898425,11.081264555581154,2044.8284155570077
3.7489829712925153e9,51.973894707051635,8.246678743454854,67.8488690364538,11.111224973631828,2053.768289608217
3.7459551351965775e9,51.84380535143131,8.20100784003425,68.0782888217798,11.141190942329208,2062.805685943482
3.758684754399414e9,51.714205330212685,8.155811844487943,68.3100737288821,11.171441226603012,2071.992595799699
3.7421036821791954e9,51.582864718430166,8.109797093405763,68.53955131415687,11.201354887617535,2080.898726197744
3.7433128109304743e9,51.453606264695175,8.064597868262203,68.77200689971681,11.23137690420906,2090.018633687996
3.74084945664233e9,51.32418353077126,8.019378785952998,69.0047898908322,11.2613677931592,2099.1087209610437
3.7404754900341363e9,51.19508831880061,7.974356018785258,69.23858259942558,11.291375486641801,2108.228421916157
3.7451952554540825e9,51.06612485081282,7.929570175481681,69.47361533156622,11.321494438696066,2117.393215090803
3.723790144114048e9,50.93637771488948,7.884136144324356,69.70627646885444,11.351160641215705,2126.3347293637967
3.7245812877288237e9,50.80924354033872,7.83980862878385,69.94245383077954,11.380926303909712,2135.528468902168
3.7384411626108475e9,50.68218199759197,7.795923935908432,70.1806561405876,11.410966743887107,2144.8190859304864
3.743132064734262e9,50.55357624285672,7.751632867285973,70.41792312242033,11.441083872671083,2153.989526136181
3.757623314137808e9,50.42461758780708,7.707633430802939,70.65664327645628,11.471500709736366,2163.2183560418853
3.741436790628144e9,50.29394684242252,7.662636055196365,70.89221279744665,11.501490560426257,2172.1658212167513
3.7484044818786716e9,50.16518504604967,7.618761271522539,71.1309290185575,11.531714761576126,2181.3391322454313
3.7588520754274864e9,50.03580272468244,7.574975169353178,71.37023825442284,11.5621458698726,2190.5133202215025
3.7526868954502525e9,49.905350369416496,7.530652935018926,71.60804167898735,11.592385156257198,2199.5311641291682
3.749261712758497e9,49.77560398745517,7.486703207558841,71.84651013571884,11.62257020456467,2208.5858643127744
3.743260200060773e9,49.64625741649075,7.4429183837216994,72.08503465944924,11.652621965310555,2217.6295568466508
3.7377154397613106e9,49.5175534259238,7.3994421393523915,72.32386509295117,11.682555721991909,2226.69047502367
3.721605223086256e9,49.38940848649252,7.355959965863216,72.5619208577131,11.712142201898391,2235.691818416696
3.7016597686868157e9,49.262782482694796,7.312888606727888,72.79970352508172,11.741343841681298,2244.7121145806377
3.7078064050058684e9,49.1379102084036,7.271128496285284,73.03968225055392,11.770603352819979,2253.9482386691548
3.7170026897886424e9,49.01248761649593,7.2294787821822135,73.27992691802567,11.799989929569326,2263.1725453816107
3.716356072271477e9,48.886320808905516,7.187514039041562,73.51941353826014,11.829333622863869,2272.299089471101
3.7267122464738235e9,48.76019188534996,7.146040426484142,73.75968807254895,11.858799495212178,2281.4824121835845
3.731112416141471e9,48.633269514721135,7.1043371042763805,73.999580651082,11.888307212013856,2290.5912170805886
3.730876878665951e9,48.506069671285076,7.062576018278283,74.23915990137282,11.917748125565359,2299.6512761604117
3.719829853732602e9,48.37901884928526,7.020684125027555,74.47799072953012,11.946907453213326,2308.6405682945424
3.7241202268209496e9,48.25284926105746,6.979671159325473,74.71748021425839,11.976024347082511,2317.736282788315
3.71559714602586e9,48.12649321445401,6.938360038471649,74.95617909089559,12.004919446757862,2326.7391383142512
3.7192417321848073e9,48.00081331156306,6.897786721368283,75.1952114475049,12.033737294085459,2335.8190261626432
3.707460497108857e9,47.87500611454238,6.856844995388247,75.43335489816295,12.062276369978397,2344.7956942372234
3.7070640163765154e9,47.75011488686422,6.816700847588682,75.67154472074886,12.090627232158893,2353.8497857919137
3.7098262538048873e9,47.62529609019613,6.776846512063687,75.9096104316837,12.118898080472949,2362.907111555109
3.7084886421136527e9,47.50033281690852,6.736985732528487,76.14729433093264,12.147046318354418,2371.9228090179136
3.7102895322741494e9,47.37552743939056,6.697440898839974,76.3847388313311,12.175079867103326,2380.9436602263895
3.714480596416242e9,47.25066381676903,6.658118583812987,76.62197442459757,12.203055029009732,2389.958280370724
3.726776259487977e9,47.125634153409884,6.619151884223567,76.85925070905283,12.231109134419835,2398.990026232334
3.7208891981587887e9,46.999643688560376,6.579492116838211,77.09602131136238,12.25904601672567,2407.8882208446394
3.709866060029932e9,46.87404622240881,6.540001879689516,77.33209116397389,12.28660904967632,2416.758079062465
3.7138165084899354e9,46.749510907698074,6.501467986144809,77.56772451459338,12.313941451305784,2425.7086829566456
3.708042707429778e9,46.62449244255257,6.462715631967297,77.8029352344408,12.34108488681171,2434.583031167723
3.704520028814797e9,46.49989741127293,6.424379195503254,78.03757299711178,12.367949403811876,2443.4603454642825
3.7056177724736767e9,46.375641522195146,6.3864830363306195,78.27171831618155,12.394617668149625,2452.3463031254487
3.7117059735571117e9,46.251440577857096,6.34892839671233,78.50552473184582,12.421210393725179,2461.2324407622204
3.696745378050419e9,46.12596370794633,6.310732205749284,78.73912564898411,12.447585516957771,2469.985494114955
3.6802019964462333e9,46.00119680082082,6.273076876418057,78.9717309526609,12.473417999454263,2478.7397628450703
3.665653893593924e9,45.877351142156904,6.236113317590839,79.20316637197516,12.498694937511116,2487.51328277039
3.675607668608086e9,45.75546482135952,6.200488227514088,79.43305815130235,12.523587114366592,2496.396551207607
3.680483976976998e9,45.632485938500196,6.164664793054342,79.66302986994991,12.548579835432362,2505.211715568249
3.6858801179012117e9,45.50904040146558,6.128945865085378,79.8927219643602,12.573562831250669,2513.9936602888974
3.6961704476035137e9,45.38535288735023,6.093459416217212,80.12205548736546,12.598569988695628,2522.759489736862
3.704458297104619e9,45.26076972861366,6.057863878676181,80.35143949753345,12.623707281847299,2531.474130942563
3.7008721163795433e9,45.134832877655434,6.021887777770623,80.58104428285385,12.648880692477952,2540.105198664261
3.6925498902034383e9,45.0085582109215,5.986080074670262,80.81013030059763,12.673797479500243,2548.701558151434
3.6915386863934045e9,44.882907101800605,5.950955652886448,81.03804725213878,12.698356009786645,2557.3136694735686
3.687399578873956e9,44.756831276059856,5.915983013781653,81.26549420251835,12.722738404232778,2565.8914306753704
3.6819240155999117e9,44.63058060917064,5.8813032848230025,81.49223142591924,12.746858171952557,2574.445743721022
3.679479218827651e9,44.50449983701504,5.847086089942676,81.71796848692584,12.77067199917346,2582.991529931763
3.6881866055045824e9,44.379011214780625,5.813493173462269,81.94243183382773,12.794248655881882,2591.5465928124386
3.6812166751341825e9,44.25171713087651,5.779405583716325,82.16760139219893,12.81795781335594,2600.0159650885325
3.6812614261874976e9,44.124936945570006,5.745942918982542,82.39141610964695,12.841287514153352,2608.487594804666
3.679762705471339e9,43.99773952333427,5.712651190853465,82.61471638707486,12.864465214322127,2616.9270380778057
3.684285500524779e9,43.87074802015425,5.679798520456396,82.83694780267255,12.887415110787163,2625.3554629878754
3.6864269648686395e9,43.743079789812214,5.646970127410885,83.0589785985509,12.910350798161419,2633.7437831804255
3.688933489275372e9,43.61504535696356,5.614312906146023,83.28049252303707,12.933185814645643,2642.1022982942027
3.6839809182145734e9,43.48604012306238,5.581580679752586,83.50202622019776,12.955968385826809,2650.4134823960253
3.669424989263538e9,43.35618379052258,5.548922363583623,83.72329788427498,12.978483013844512,2658.6831276150847
3.664607349723574e9,43.22732144890054,5.517171051299646,83.94229176307117,13.00032146635786,2666.9625455220817
3.6530181237767935e9,43.09775845825037,5.485569794389655,84.16080729468099,13.021884325502677,2675.2048147505666
3.6486595982241993e9,42.96882601916167,5.454685527989541,84.37722101467557,13.04286671575719,2683.443336524235
3.6356210278853183e9,42.83895905427192,5.423883569383765,84.59331656611951,13.063597906455374,2691.638657379821
3.6500332082829795e9,42.71138777608399,5.394333432379891,84.80524638130437,13.083566855766225,2699.8654927646508
3.6442920778562603e9,42.581205634010274,5.36408309652066,85.01937718562903,13.103982948812043,2708.0069403702273
3.6527140766076555e9,42.45193841387324,5.3345556621577295,85.23103531035342,13.12395121601169,2716.145363181937
3.6488203044650893e9,42.32095033495111,5.3046786365912375,85.44372763677505,13.144119280642926,2724.221542924258
3.653255633132264e9,42.19032336308282,5.275327204267531,85.6545827364748,13.163932332235593,2732.2815832273955
3.6565141774495173e9,42.059015967019306,5.2460278703885015,85.86514614044562,13.183736484499882,2740.3023055338294
3.6495276147937627e9,41.92634664920863,5.216561592360815,86.07614754607152,13.203549298298812,2748.2707450531775
3.644286960914214e9,41.7935691127844,5.1875337828668595,86.2856303169534,13.222932149979098,2756.212739591079
3.637885833627283e9,41.66038486110441,5.158816148970183,86.49398616637363,13.24196242265153,2764.121296249595
3.6309654195977316e9,41.52686608409314,5.130455874645932,86.70102949762732,13.260590822526169,2771.9970203285975
3.6141186049445996e9,41.392253167926896,5.102222668380201,86.90760132296757,13.278847499728512,2779.8236566319774
3.609725721714226e9,41.25863879919573,5.074936802630191,87.1105103074337,13.296222753543956,2787.6417992431143
3.6064784540525813e9,41.12472501471319,5.0479815562963335,87.31203453403815,13.313252788584082,2795.424510291855
3.6143555382443314e9,40.991285904269986,5.021565484707098,87.51128719100667,13.329934456441991,2803.187949365806
3.6234008028948455e9,40.857158486413155,4.995187273090219,87.71042013072505,13.346749142121492,2810.9087201453412
3.620575017285639e9,40.721306962179426,4.968485774229023,87.91081626745515,13.3638034539916,2818.5660163221382
3.6284315525681276e9,40.585849618153176,4.942324620449674,88.10903499297459,13.3805183232973,2826.202924356806
3.6194751916904917e9,40.448372462508225,4.915728819153272,88.30885623323087,13.39745071443939,2833.770143403932
3.618764705748918e9,40.31124117000323,4.889774334712145,88.5061024878439,13.41380887791501,2841.3143638490137
3.6215545224384117e9,40.17387502412841,4.864123153907638,88.70207691969769,13.42994867971643,2848.825003879831
3.6233312567608747e9,40.03584589126604,4.838572303816486,88.89759104409275,13.446032039518128,2856.293740503038
3.626949312907838e9,39.89739786123069,4.813220741132331,89.09226080300137,13.462004395861873,2863.7260749698557
3.624499859546882e9,39.7579212001774,4.78781064326949,89.28705061633356,13.47797582662003,2871.1086970154042
3.6212110601462526e9,39.617942478778296,4.762633585552239,89.48081975882597,13.493674603740248,2878.451415443857
3.6200764559795756e9,39.4776931396184,4.737788595732283,89.67319180144912,13.509054546945677,2885.7593646118817
3.620779843048233e9,39.337101307569945,4.713211012826514,89.8644325757651,13.52420863194936,2893.0319004624926
3.628940196944226e9,39.19650423052169,4.689007868198533,90.05420780083726,13.539192390184828,2900.2792931286017
3.6372888652965126e9,39.05525411422336,4.664801206812349,90.2440355636336,13.554345156919847,2907.4899865152815
3.627706905147553e9,38.912210908750154,4.640050256513268,90.43564156203001,13.56974739014337,2914.6322449897084
3.6260036511530576e9,38.76939053110326,4.615968612839723,90.62466380890018,13.584542839905593,2921.7499182365877
3.630500866064844e9,38.62652317003801,4.592295086682648,90.8121055504573,13.599072619012327,2928.8412416687747
3.6296992003547244e9,38.48279038640131,4.568538489954216,90.99974685203958,13.61364640811847,2935.8867086888226
3.6274852988502884e9,38.33854460713375,4.544945200744634,91.18663992538815,13.62802333573596,2942.8921457815118
3.6311762161475115e9,38.19423556343879,4.521769547835769,91.37194581834248,13.64211403268441,2949.8709544962353
3.638392190190188e9,38.04960983379142,4.498793421828287,91.55655997209713,13.656181004082205,2956.821496203673
3.6205731319183836e9,37.90310191576755,4.4750232890919195,91.74352488939778,13.670493678316971,2963.689211518046
3.6150380886925144e9,37.757173025981686,4.452295120955351,91.92657983842501,13.683815833287689,2970.5349584200226
3.6055924016264663e9,37.61077596616345,4.429767049120429,92.10859754686925,13.696752615848709,2977.331769524967
3.6052132863421116e9,37.464636791503665,4.407920926025485,92.28789166469127,13.709074733792345,2984.1020623444715
3.6092220007202296e9,37.3183074596305,4.386391421461104,92.4660033216602,13.721211699210969,2990.8418710922933
3.599756765901193e9,37.170940288925,4.364527312723199,92.6451475240289,13.733443564880133,2997.5193925320104
3.5838135059589715e9,37.023236088774816,4.342869645805111,92.8230408745846,13.74513253765933,3004.1392320029267
3.579402245195595e9,36.87609736261931,4.322097996803335,92.9971569102715,13.755899421144223,3010.730679138648
3.5634170197823906e9,36.728378998990856,4.301245962958317,93.17114243334666,13.766397885116085,3017.257633516088
3.5452257380131507e9,36.58082490560449,4.280837839628124,93.34254103043502,13.77604720363723,3023.7289393113347
3.5461253622114353e9,36.434183925107966,4.26148402674645,93.50895660605639,13.78464300324849,3030.178193172475
3.5601421575948873e9,36.28749310010686,4.242642130239481,93.67375019456685,13.793136603532714,3036.6093153239726
3.5698183360386486e9,36.139780048067806,4.223581185537046,93.8404354282335,13.802234513423288,3043.005959515596
3.5689996272944446e9,35.99119050001444,4.204169621865608,94.00889939943656,13.811751894351715,3049.354746549945
3.5847901150048494e9,35.84259227141598,4.18544145798272,94.17516939467629,13.821042320475199,3055.6942512952814
3.5854602758911033e9,35.692961879381116,4.16606253155503,94.34442114385371,13.831054736407092,3061.9870392777643
3.5882375366731415e9,35.54307905067866,4.1468891654211255,94.51303236490301,13.840981348195719,3068.2488191313782
3.603738887056603e9,35.392939767362655,4.128231618886211,94.6803195193076,13.850854148793703,3074.5029792586133
3.6093650115886097e9,35.24205379851296,4.109038299650609,94.84993842427671,13.861386852146756,3080.724715122489
3.6015588480102434e9,35.09078843633453,4.089369211128425,95.02091804102612,13.87214600127998,3086.8931069866644
3.591022799648716e9,34.939575637801816,4.069937277935864,95.19069122123481,13.882461794297324,3093.0128928260046
3.59014170181743e9,34.78847005032348,4.0512372775061145,95.3577891742734,13.892134529053342,3099.103823194064
3.570138982238142e9,34.63737417881416,4.032011617475593,95.5260195869506,13.901809209473695,3105.1237210101062
3.5629417918130016e9,34.486692590373664,4.013814128045671,95.69001308571224,13.910395751225025,3111.1058251962986
3.5669243032773447e9,34.335979512069486,3.996263680402277,95.85157667031405,13.91850604882414,3117.0609341590143
3.565609924217671e9,34.1850161118795,3.978577114015254,96.01376816588406,13.92678187888048,3122.9785849326486
3.5664792797226167e9,34.03390783036543,3.961110497943527,96.17517773951339,13.934924263394409,3128.8633903418404
3.5611503409508357e9,33.88274729824656,3.9435289359075374,96.33686716812277,13.94310003086778,3134.7052689308543
3.549849317782958e9,33.73180298530795,3.925964705426871,96.49796389917586,13.95102871873686,3140.495590523303
3.5535739669396806e9,33.58082685544344,3.909234725341706,96.655742269626,13.958286084087753,3146.258049034573
3.549453028785692e9,33.429765724259994,3.892278392597831,96.81441218206334,13.965745524049757,3151.980525458346
3.552087196285479e9,33.278564167014395,3.875727867124729,96.97154825690264,13.97293668010714,3157.6735027757218
3.567890149428431e9,33.12672120739221,3.859670733562072,97.12757703216229,13.980118300950345,3163.3587383236672
3.5671719098368216e9,32.97468871565517,3.8428410604080425,97.28693546598177,13.988111526484388,3169.012502713697
3.557695521656341e9,32.822940756137,3.825812726619509,97.44659060709023,13.996103637479031,3174.617632798992
3.5476043088916144e9,32.67152206625037,3.809055026573104,97.6046577427292,14.003649612582558,3180.1745727289876
3.538813634454185e9,32.52041400396536,3.792629402505576,97.7608876745851,14.010721713122843,3185.6866091502916
3.5307067566626506e9,32.36961853920622,3.7764732361162676,97.91551943116613,14.017397837909735,3191.155881163131
3.5217595937651176e9,32.2191911765874,3.7605111999697742,98.06878530030414,14.023734294137945,3196.5821013428485
3.522194897602671e9,32.06880643136031,3.7450627757208217,98.2196545125363,14.029620754015415,3201.9806075831093
3.518796404000908e9,31.91852173500423,3.729558543067083,98.37075187711312,14.035583549585565,3207.3448517721677
3.523151799647819e9,31.768081923294623,3.7144114512638553,98.52046675907465,14.041361613571969,3212.68800997324
3.5215748283890066e9,31.617660579113753,3.69907784959139,98.67122642343188,14.047404995341,3218.000176375265
3.520112809416382e9,31.467331659105675,3.683831281915936,98.82157668784521,14.053408536135018,3223.283290031716
3.516450124122423e9,31.317209844714395,3.6685944811609383,98.97175053212861,14.05939954876132,3228.5342852335966
3.5115131657145796e9,31.16738385288474,3.6534255375665046,99.12133881870665,14.06528213530587,3233.752497074316
3.511596074774807e9,31.01764231461122,3.638527650360802,99.26959639955149,14.070957136558606,3238.9477914484364
3.495197834538997e9,30.86874893221001,3.623175531536844,99.41924658405253,14.076814912547283,3244.090177193008
3.5040626750113263e9,30.719693883532205,3.6088227693911468,99.56387495230163,14.081837862168799,3249.2325525894435
3.5006014050274463e9,30.57074067163472,3.594039219890787,99.71108021426093,14.087385740864471,3254.3411989783076
3.491986142740486e9,30.422338211685954,3.5791820591864516,99.85816430879619,14.092890401054158,3259.414405456596
3.492742253621675e9,30.27411127519596,3.56472968372969,100.00295389029317,14.098033077328061,3264.4734549606806
3.481713249849455e9,30.126515478512914,3.5499566195276846,100.1490104880902,14.103369487694989,3269.491207159252
3.4911349987313466e9,29.97876670474919,3.535905277217128,100.29127910275244,14.108172957544626,3274.5140792355733
3.49714516909142e9,29.830636731134135,3.521683989714986,100.4355588661248,14.11345326351176,3279.520177408753
3.5055405885039167e9,29.682108280864377,3.507483661364247,100.58065827249253,14.119021017321696,3284.5182980149793
3.5057599114645824e9,29.53364881095895,3.492959013027803,100.7279104920611,14.125036300668082,3289.4905400821617
3.497707474976625e9,29.385820740939256,3.4782018101711705,100.87597045739493,14.13117395770785,3294.426722000067
3.4962308153918853e9,29.238296172409964,3.4637510715794417,101.02217582603426,14.13702664869859,3299.351788411087
3.483137639445701e9,29.09172445517793,3.4489916410375683,101.16934829505594,14.14296845974255,3304.233214691957
3.476085461600531e9,28.945908593508182,3.434559102443646,101.31394518799438,14.148462535332092,3309.102333246563
3.46640833788744e9,28.800961531296476,3.4201271567560148,101.45784515913037,14.153802502793166,3313.9466291739336
3.459748489997928e9,28.656827853631047,3.4058646422961854,101.60003443030676,14.1588665911306,3318.7783495531307
3.4499984373458834e9,28.51360786030948,3.391570804255486,101.74173166698249,14.163818369788903,3323.587783576506
3.445723630360797e9,28.371187405362914,3.377487518522511,101.88143067201837,14.168499125620503,3328.393074006162
3.438216125565263e9,28.229516897023974,3.3633404902578206,102.02114655780507,14.173172373594282,3333.1788606597293
3.429314942528404e9,28.088811016204527,3.3491890514370297,102.16011517427448,14.177723069397837,3337.950314478213
3.427537083000288e9,27.94888165152283,3.335248653328958,102.29699357856322,14.182051616869776,3342.725653904629
3.423936552781901e9,27.80942851479438,3.321254272131191,102.43426133286567,14.186469221468442,3347.4867367709103
3.4266009542371597e9,27.67033556892945,3.307418797152053,102.57050209118349,14.190861018582563,3352.25081340695
3.4288781871536703e9,27.53125024260529,3.2935484131250674,102.70778429719854,14.195482068163326,3357.003581711913
3.43936013526089e9,27.391887533091992,3.279866941221227,102.84486551159651,14.200265108975389,3361.7645226495174
3.4402021568974705e9,27.252180139466198,3.265865493066741,102.98560944147772,14.20557170093077,3366.493016733495
3.436005277778263e9,27.11295449324521,3.2517001865925996,103.12756863570252,14.211056977376979,3371.2011855951464
3.4321110849786267e9,26.97448553930691,3.2375357858292175,103.26914671081477,14.216543447528343,3375.904121814629
3.4273736605931315e9,26.83681575262968,3.2233362955011517,103.41055902660857,14.22205271712898,3380.599777162099
3.4241263582422686e9,26.699952765134068,3.209164860171172,103.55134348427991,14.227558037602307,3385.29531783298
3.413534117332386e9,26.564135009329316,3.1947688511380163,103.69300721821008,14.233143972700265,3389.9686642858796
3.4102627837581706e9,26.42957130823667,3.1805690709371337,103.83212948243946,14.238557139175194,3394.6634268729467
3.4054667860283284e9,26.295840517866647,3.1662961949949255,103.97136706344577,14.244044700580455,3399.352575154609
3.4079675373087025e9,26.162808381130194,3.152204169129543,104.10912722266843,14.249539759960426,3404.060208930124
3.401261579512755e9,26.03027339310167,3.137802447523608,104.2492892758543,14.25529626905409,3408.738236331791
3.404473131947183e9,25.898615416267504,3.123664572689508,104.38718347868799,14.261019436476328,3413.4457798201533
3.4151359655578446e9,25.766723252483775,3.109712357856485,104.52515481890003,14.266981835990412,3418.1667486546003
3.4161417695374618e9,25.63441744767324,3.095403872574226,104.66718720500648,14.273401507631515,3422.8484695564084
3.4257300954040885e9,25.502109109740676,3.0813182775283505,104.80863201787729,14.280008574529223,3427.552257171305
3.4113468405271893e9,25.37041549424666,3.0664042944321377,104.95577699932079,14.28700522886949,3432.1736850729903
3.4158018491774225e9,25.240106415649244,3.052091041209431,105.09787315026472,14.2938372621834,3436.8670989307766
3.417067975287898e9,25.109974819734408,3.037617584886373,105.2417839245184,14.300943442688148,3441.545758533869
3.410631570259269e9,24.98072698880992,3.0228352456215837,105.38751520936964,14.308235190717006,3446.199402453456
3.40463819051729e9,24.852940645471698,3.0080310803321297,105.53237711614644,14.315556653034996,3450.864217408376
3.3987520925569334e9,24.726622438838874,2.9931854903379285,105.67650762452857,14.32292660082749,3455.5403995470547
3.394905649105192e9,24.601692466632937,2.9783629370983955,105.81962249928598,14.330361648268813,3460.2356693870865
3.3930373892511616e9,24.47790072025974,2.9635595296528954,105.96213569750851,14.337912579602653,3464.947834085134
3.3877855516085563e9,24.35532013563802,2.948565015199432,106.10531974099017,14.345608323170318,3469.6575271987817
3.3874712236630507e9,24.233960883326738,2.9337066521511037,106.24709506558229,14.353416722553801,3474.399512324968
3.39587285066758e9,24.11280094169171,2.9191590334206663,106.38786568735311,14.361453303308657,3479.1768397488863
3.395805386684242e9,23.991720785957355,2.9041959449579653,106.53233787510582,14.369808833772511,3483.9151703705406
3.389723930433705e9,23.871971137553572,2.88890532034412,106.67823034867837,14.378328956031483,3488.6410704142227
3.385598243771623e9,23.753908997428162,2.873629430734666,106.82295517897124,14.386958916087055,3493.3975615163204
3.3890376252903194e9,23.63672591223976,2.8586416088252515,106.96596642431027,14.395767917309595,3498.2012222150624
3.3795508304898367e9,23.52110143784969,2.84295458846259,107.11240308876428,14.40476006727268,3502.9613274525454
3.3722378147466617e9,23.407838156747097,2.827274551998657,107.25688276730313,14.413827184460871,3507.7689500785623
3.366712588832353e9,23.296616682322338,2.8115898007412716,107.39995230757259,14.4229979991764,3512.6187465442727
3.359088431035195e9,23.187569364476076,2.795690779806541,107.54271961232304,14.43227909219668,3517.4932786703107
3.3646225443392777e9,23.079304253336073,2.780451995398209,107.68191252144669,14.441697678150891,3522.4552278131237
3.3561087462264547e9,22.97262334827417,2.7643292101976518,107.82554299762126,14.451342189619275,3527.3624516884065
3.35742050660045e9,22.867231533277607,2.7486976044143567,107.96595692778185,14.461096166729241,3532.3531546121812
3.3471561229079924e9,22.764062361245855,2.7322715290548816,108.10942798111482,14.471021780493466,3537.312795592993
3.3445659998380804e9,22.662793289153697,2.716215078293374,108.24963711322489,14.481017733216596,3542.360376686226
3.336715913463664e9,22.56371367118922,2.699723201014664,108.39086732297302,14.49115875907673,3547.4174436964386
3.3297446344197974e9,22.467037557542493,2.6831699939527263,108.53068771428767,14.501385921344326,3552.532182476484
3.3186853496589537e9,22.37333717083751,2.666212475805623,108.670291794848,14.511715882683001,3557.684326530557
3.317899976014727e9,22.281279380692325,2.6498294251493646,108.80584034200614,14.522068226823844,3562.9511051429286
3.3221581719544597e9,22.18936609867775,2.6337374624883085,108.94093936608148,14.532582842469841,3568.2608094151287
3.3183065928422847e9,22.098599927193696,2.6170168177959443,109.07945282829043,14.54337418563446,3573.5370801143094
3.317846235107426e9,22.00892856313776,2.600448512861114,109.21700385794828,14.554290815167024,3578.868938869461
3.311650548503574e9,21.92112482011501,2.5833751178607267,109.35627829546394,14.565411371737573,3584.2019138210835
3.313560109702332e9,21.834117705266507,2.5667989587202373,109.49302031027253,14.576596418440458,3589.625417309985
3.3122824885148635e9,21.74798661919995,2.549923226730655,109.63159497959269,14.588010291250024,3595.0472533907173
3.317740412010482e9,21.661726982883444,2.533489789389501,109.76914499016496,14.599551250287574,3600.5283838653118
3.3072782958045716e9,21.577875860620598,2.515773278936868,109.91197353021353,14.611428824521962,3605.9311432177665
3.303131046719553e9,21.496088995752267,2.4984035671423994,110.05141844401129,14.623325341229208,3611.4499467271885
3.2967603097367835e9,21.41643566269982,2.4807493877403632,110.19089469590838,14.635365585306417,3617.008806141758
3.279539152419669e9,21.340978038374462,2.4620999909819647,110.33157523597878,14.6476142180241,3622.5850950050176
3.268603819201857e9,21.26922690819136,2.4437246565763404,110.46706366074133,14.659764121290564,3628.3311155770275
3.265606052449041e9,21.19943254145103,2.4257941925890094,110.59880180723889,14.671813844149362,3634.209616398086
3.2528803013001943e9,21.132548240594993,2.406989661077611,110.73253501903896,14.684168373208957,3640.091023211293
3.2508470279659357e9,21.067673306961286,2.3888064885609417,110.86150000886602,14.696306386572205,3646.1322206909904
3.2388911531752715e9,21.00533308318536,2.3697449511946203,110.99275488159252,14.708796026865983,3652.16923812539
3.2338134691933846e9,20.945453670368604,2.350992869078117,111.12027012595338,14.721113975414237,3658.3461121942905
3.2236690174782753e9,20.88799669679144,2.3317018877571245,111.24827246616815,14.733637491499477,3664.56180443824
3.2304029780510077e9,20.83112296652111,2.3135049512402635,111.37148934674681,14.7457008082646,3670.9356712900176
3.2236594518050895e9,20.774571705862343,2.294299234924693,111.50000859675106,14.75840227210495,3677.2213136966284
3.21119844743479e9,20.720897722221626,2.274473319541183,111.6285125263272,14.77129447504902,3683.556937125813
3.208887908800726e9,20.669451519065515,2.255173130762539,111.75279923272349,14.783829879058734,3690.046154643788
3.2117744352850375e9,20.618121847453235,2.236178121713836,111.87673823595037,14.796320080036967,3696.5843764281776
3.2064888851770887e9,20.56716802848498,2.2165392388731915,112.00378664103386,14.809250105366315,3703.0821414545653
3.2040779250445237e9,20.517475110992876,2.196974994865139,112.12989613105388,14.82213683538119,3709.6466188301974
3.207562855284105e9,20.46790232435212,2.177771111392453,112.2555295394078,14.834942823837572,3716.2636978224664
3.213095591263935e9,20.417288188332016,2.1587360318781705,112.38289378989074,14.84790156590999,3722.871882849328
3.1968146507772655e9,20.36790122081645,2.1380044807482883,112.51571583867526,14.861719539479534,3729.363902437828
3.2116306241218505e9,20.319784895339986,2.119377084926528,112.64078055733427,14.874433183427684,3736.1193940630874
3.2062408232242813e9,20.26989479256854,2.0993706349716,112.77349294427361,14.88817743899218,3742.6894908359677
3.2048366687086983e9,20.221323653544335,2.0795334337640186,112.90494088604011,14.901825333655198,3749.3333710602633
3.207327838903345e9,20.172981819540897,2.0599234605425942,113.03635609762155,14.91545330177829,3756.016515372091
3.2028046441806245e9,20.12492998677528,2.0397366863728883,113.17007421731044,14.929449620255468,3762.663393452202
3.2025972885113707e9,20.07797082877492,2.0197630662539052,113.30275612700103,14.943345100140782,3769.3773712551865
3.1838177921295366e9,20.03312253600197,1.9982548885130031,113.4379885336577,14.957882786639818,3776.029346679017
3.1901799576291084e9,19.991352435982744,1.9783593057374886,113.56623457775808,14.971385132559394,3782.945103532884
3.1884060735069656e9,19.948621521495564,1.9579108360081956,113.69782084903767,14.985389195507766,3789.7849726992863
3.1883675834122243e9,19.90640143700022,1.937524917270989,113.82956769519124,14.999407065998792,3796.6536890136786
3.190813573940581e9,19.864160142405588,1.9172891068258242,113.96192063351401,15.01345130960609,3803.539519671837
3.1911959761616707e9,19.821602621464766,1.8968931742718869,114.09586983191478,15.027711768347846,3810.404861126132
3.184365256870262e9,19.77973652232795,1.8759023507724362,114.23109667240038,15.042293356385583,3817.2461708892106
3.156933935003693e9,19.74149564734354,1.8532077593180292,114.36608543895399,15.057457328174827,3824.0720137059707
3.1591550767578917e9,19.708847680651743,1.8322632670566559,114.49266852485825,15.071153330130208,3831.237957731084
3.164300814580403e9,19.675333473675884,1.8115515229535857,114.62076953932566,15.084903303992874,3838.393138176095
3.1665467455176926e9,19.640561691889037,1.7907144091752016,114.75122840910683,15.09896971026072,3845.496186288475
3.1620961332927737e9,19.605638889090745,1.7694214527133465,114.88322371092244,15.113399868235794,3852.5579226167047
3.1655190327697315e9,19.571564287620575,1.748593632045934,115.01465371034764,15.127547624245665,3859.6829178904413
3.151849659311567e9,19.537613751111483,1.7266053978076894,115.14788783937026,15.142431117693144,3866.720021575513
3.1444476511891456e9,19.507159923508965,1.704845845860233,115.27791617215712,15.156860556931964,3873.8888542891737
3.136227983216624e9,19.478769579960037,1.6829214398970784,115.4066265694007,15.171215900708575,3881.109674531836
3.1502156229831347e9,19.45141394471722,1.662250278259878,115.53465178697938,15.184627752907193,3888.4549455660754
3.1324923268529e9,19.42172778492572,1.6398095689460954,115.66632957554964,15.199628284024254,3895.584100605777
3.13367915091241e9,19.395985432675065,1.6182974690235252,115.79447115522947,15.213560739718387,3902.9065303282964
3.136128454339472e9,19.36973625764688,1.596897205528616,115.92383354855932,15.227554147122484,3910.2141808373644
3.1385259975278687e9,19.342733548187493,1.5755507253393146,116.05464240570603,15.241688401447874,3917.4943209011976
3.1326188422333837e9,19.315431980530615,1.5537578802851624,116.18635982693512,15.256266322137003,3924.721902830411
3.136365148362503e9,19.28926752134977,1.5324558484219863,116.31775347817633,15.270387765233034,3932.0161859066097
3.1376183197037377e9,19.262156091828967,1.5110882619097379,116.45068181914178,15.284771030970662,3939.265925771627
3.134949542636431e9,19.234894350825883,1.489527156791137,116.58430202093635,15.299398900188143,3946.485461767185
3.1217589820692525e9,19.208892350999566,1.467343662513568,116.71695442394734,15.314420244787547,3953.6817515265407
3.118720270704261e9,19.18600416000634,1.4455731811865582,116.84742663063932,15.328750697180773,3960.9978478863954
3.1194250404624476e9,19.16363497265039,1.4239880499984174,116.97811764752163,15.3429062312499,3968.3337549539524
3.120678895733505e9,19.140925117382043,1.4024808998601836,117.10971295177232,15.3571173785506,3975.652220442709
3.104513845913058e9,19.11870813856817,1.3801382093993473,117.24036076801711,15.37212045318767,3982.8924757155105
3.1014860850522065e9,19.100069224189056,1.3582795602514472,117.36867100827747,15.386178178040161,3990.2733065900115
3.1020718795567117e9,19.081794103968683,1.3365987525308223,117.49729418143721,15.400047564236994,3997.6665356231015
3.0937262958642125e9,19.063712307080685,1.3145879628380976,117.62551053816071,15.414357287852376,4005.0092021941723
3.100251636883034e9,19.04662090095877,1.2931632421852848,117.75419935098604,15.427831893350936,4012.432853651018
3.0963839083330827e9,19.0282624180101,1.271468194778955,117.88373374414613,15.44199304641088,4019.7595275367908
3.0906689218139873e9,19.010884036065615,1.249711841179123,118.0124884014118,15.456150277565358,4027.086483248442
3.086048138962116e9,18.994717137601427,1.2279988632680332,118.14042139226866,15.470112705293086,4034.4334396395293
3.082298796936098e9,18.979406392774596,1.2063406233138931,118.26783106972876,15.483915528362754,4041.7896943808037
3.081403404909022e9,18.964488176441208,1.1848296213603355,118.39531185425919,15.497496216076685,4049.153258594786
3.093455609806948e9,18.94827641782828,1.1638833907229134,118.52542824616192,15.51052465141512,4056.535670113999
3.0942183163489904e9,18.92977855947051,1.1427876654033386,118.65718203608256,15.524475948521744,4063.7834349335253
3.091931013497823e9,18.91117775586881,1.121670635050323,118.78900984884478,15.53859930162571,4070.99444287881
3.0891546166153703e9,18.893039835221593,1.1005980949947065,118.92054388038713,15.552677121457908,4078.1957377580848
3.0906412258645105e9,18.875013844532674,1.079748002127123,119.05257053198713,15.566487947941985,4085.405654376748
3.0792433739161525e9,18.857657367939645,1.0585393877283868,119.1828188534777,15.58089615561127,4092.5370309956315
3.0551824216508965e9,18.844217087604548,1.0369040951917192,119.30781939212281,15.595403874887596,4099.664669331281
3.061798145098302e9,18.832383556261146,1.0161404265741578,119.43369872261384,15.607657956795487,4106.995111152843
3.0629887978942285e9,18.819254520803316,0.9954451989153786,119.56059789519243,15.620423623466536,4114.239557763499
3.0562352248045454e9,18.806342711208796,0.9746705968473941,119.68648758187194,15.63356097106995,4121.417007212197
3.046519238016214e9,18.79475299613436,0.9539047801478184,119.8104470556643,15.64651274533812,4128.582951571698
3.055006127659822e9,18.782233964768192,0.9337058466705451,119.93678296973297,15.658291049990112,4135.818674969985
3.055657795870571e9,18.768485436486085,0.9135456713438584,120.06382588662589,15.670763699852353,4142.95342428874
3.0539444721896486e9,18.75441276244308,0.8934868018788426,120.1908718635814,15.683345092735982,4150.041410447361
3.0516707382750764e9,18.740259591854187,0.8735630687716152,120.31775361244893,15.695850830276472,4157.099107061064
3.0457528122510276e9,18.726530438733587,0.853696993802314,120.44353705261341,15.708366452464903,4164.11557117386
3.044277894324943e9,18.712769754112113,0.8340857662422173,120.56943252208497,15.720401797750739,4171.1336103839
3.04780925018263e9,18.698010656810084,0.8147721690915983,120.69669849248184,15.732153479412315,4178.137590172342
3.050386687436923e9,18.682213533248614,0.7956382537847013,120.82492715919065,15.744090683935788,4185.088106071218
3.04567564189557e9,18.666492561721807,0.7765176521029725,120.9520998614751,15.756390791739305,4191.962217481669
3.040824526783466e9,18.651130886420226,0.757566272049254,121.07843771005656,15.76842004953614,4198.812345151363
3.0210193361826363e9,18.638258113554507,0.7384594530581355,121.19971333037927,15.78068334923803,4205.570519578617
3.0145002008237906e9,18.62585042391875,0.7198582629085616,121.32072975317416,15.79134444329603,4212.389467870617
3.0061230605294833e9,18.61388226648065,0.7014630291043855,121.44021109662403,15.801650675504453,4219.162485986042
3.0050366736436443e9,18.601110108017487,0.6834548316595684,121.56047763471345,15.811179750716956,4225.926759400634
3.0037981390216146e9,18.58766935425991,0.6657002888144412,121.68092073545594,15.820616362626334,4232.638314802859
3.0048507739320283e9,18.57322074278605,0.6482401890094751,121.80222494640336,15.829871895792754,4239.30838241693
2.9948736231828804e9,18.559573019018504,0.6308667904988972,121.9207768840077,15.839495473787698,4245.871455672837
2.9933147832508984e9,18.545020528410365,0.6139292192279482,122.04027413418585,15.848177744960097,4252.424161535358
2.9757789174183154e9,18.53229839899797,0.5970762310635377,122.15487765688451,15.857179837041615,4258.839044688022
2.972858713519327e9,18.518353216140504,0.5808023559505866,122.27100481868015,15.864506610927272,4265.261000729049
2.9818440575464745e9,18.50202075583889,0.5649279302479865,122.39074759235434,15.87127002572197,4271.682980865437
2.976863984871583e9,18.485962547322053,0.5491585509680995,122.50824506154083,15.879017186307646,4277.979839273959
2.980979264821007e9,18.468222149297358,0.5337780147175193,122.62809650245268,15.886127304092147,4284.265234245732
2.9656707500806775e9,18.452288190075844,0.5185005794899029,122.74270894187838,15.893992362569502,4290.384420157376
2.9678841285962744e9,18.434401505158515,0.5037641512277763,122.86052269123844,15.900238787574581,4296.525664828547
2.9572735602594132e9,18.417427988340616,0.48924670587521757,122.9748360899214,15.906923876416641,4302.532759336066
2.950310720844664e9,18.400062596431752,0.47515821316283813,123.08869642838266,15.912659293228907,4308.4788134606615
2.940441354732697e9,18.382855640039462,0.461457043633857,123.20060022686873,15.917864499540753,4314.325436761882
2.952480064009419e9,18.36250923540599,0.448096434592158,123.31841192676417,15.921754329118022,4320.227772116552
2.9428745990331516e9,18.343415669779944,0.43495778037100713,123.43141484342456,15.927056691809483,4325.958898675734
2.934278921521072e9,18.324110985235983,0.4222433893186501,123.54324967609,15.931491083427613,4331.604496533848
2.938716102170932e9,18.302752815636737,0.40984888250396356,123.65834778937455,15.93489601838601,4337.253332221265
2.9353806877668266e9,18.281336185195563,0.3977419089082153,123.77181515764197,15.9387929552145,4342.801649464521
2.9374660183327703e9,18.258569400611265,0.38591739277696185,123.88688422482693,15.942257450054754,4348.320588055965
2.93643201548177e9,18.235331812434417,0.37436930704398896,124.00144930244538,15.945917046675438,4353.766646694062
2.917559008800018e9,18.214143338609436,0.36329454723051025,124.10926809975433,15.949738212383265,4359.005279106539
2.90512244015275e9,18.192172311140663,0.35276101615916716,124.2160902671155,15.951661706948782,4364.149034744339
2.9073577251362505e9,18.16791896466457,0.3425058094405816,124.32632754146586,15.952159712932144,4369.293423390136
2.9028275840337534e9,18.143542770649912,0.33262467098519816,124.43458948627863,15.952939827415658,4374.332488000944
2.912660554950873e9,18.116529760694835,0.32285896420330296,124.54795068086379,15.953081419584363,4379.419144371704
2.913294830647561e9,18.089436060105765,0.31336483459357206,124.65973505032915,15.954255525573949,4384.422347722887
2.9129210419383817e9,18.061684961180326,0.3041559552110333,124.77140319702875,15.955472382436927,4389.366493026519
2.915804010848539e9,18.032697102334783,0.29516805302690896,124.88455955372932,15.956584048627395,4394.288152174849
2.9184778243811874e9,18.002868663896543,0.28639568335469795,124.99835680055547,15.957943889700854,4399.174422583733
2.9137768827635846e9,17.9734614668326,0.2779829305129848,125.10953609325799,15.959610623933452,4403.952931188528
2.9145403046482663e9,17.942713535670208,0.26983000152183945,125.22238839132386,15.960728026914325,4408.711030877192
2.916808130748752e9,17.911019452499378,0.26189205252830616,125.33621787020239,15.961874231562376,4413.44248302705
2.9123240337042856e9,17.87979554960278,0.25431478368332516,125.44742679713472,15.963278247057373,4418.0697341186615
2.895756560239772e9,17.85033812081993,0.24740357794299547,125.55203852863488,15.964321743549009,4422.490602246803
2.8904562849529147e9,17.818779668803987,0.24094139997204722,125.6589866011247,15.963578901135856,4426.876741435263
2.8856216239079204e9,17.786569026251232,0.23489501607172328,125.76525802328929,15.962282865882177,4431.1847495819975
2.902310391026815e9,17.749832081619726,0.22868311498476337,125.88181202181923,15.960379966753182,4435.651887626404
2.8771600839322495e9,17.719896759794096,0.2233992890673954,125.97996794171216,15.960428615622948,4439.724483425303
2.8910310324222927e9,17.68228993360653,0.21801592470773373,126.09408221762527,15.957672811484857,4444.013830809378
2.8829842316143336e9,17.64805683300767,0.21312070634070532,126.19916975522816,15.956445274799254,4448.121140284528
2.882663720341699e9,17.611749681300733,0.2084831212621965,126.30708591939278,15.954351724442967,4452.218806236425
2.866595690996228e9,17.57828148000429,0.20457411759060515,126.40613298252343,15.952284974172633,4456.095452457719
2.852062463206484e9,17.544094733847146,0.20131378324856286,126.50282809952435,15.948536970542676,4459.833772334887
2.8469234428342795e9,17.506976476750598,0.19843111786927967,126.60222770181245,15.943317244528673,4463.5248850041235
2.8434767899373136e9,17.4685922369371,0.19589297557926108,126.7017845663526,15.937644946225653,4467.157660277622
2.8391721868858213e9,17.42960589941802,0.19371742681742768,126.80027092889125,15.931702571585301,4470.72016039654
2.83866791236969e9,17.388626153490566,0.19179277893926697,126.9005295979837,15.925429747079926,4474.251600839689
2.836507251734525e9,17.34732382595161,0.1901554383292958,126.99978814955202,15.919205389148692,4477.731250380551
2.854663762861991e9,17.29845610679261,0.1882309385939278,127.11274326054357,15.912960778925225,4481.354506395812
2.843458217605937e9,17.258884817996123,0.18686292198549787,127.20927874475437,15.908573222579856,4484.814755289702
2.8428150251902695e9,17.215002617501245,0.18567669477158663,127.31103036346045,15.90314530772876,4488.260048520593
2.8335389276541977e9,17.173596229635926,0.18497305753926388,127.40651607899288,15.897725106075812,4491.587244024416
2.8375622490023837e9,17.12625233898382,0.18431911047365188,127.51012428524136,15.89152553528723,4494.929280616964
2.8276964241803827e9,17.08390470538837,0.1841611231467585,127.60413959464528,15.88579620400284,4498.153404650641
2.8130808817359047e9,17.042882964868333,0.18458273846824938,127.69242015948764,15.879157811036544,4501.2296709382435
2.801404064231783e9,16.999631570249427,0.1854768207115063,127.78006050180552,15.871196514614478,4504.1837037232135
2.800497352939413e9,16.949824843527576,0.1866049969300757,127.87445509071225,15.86231549651362,4507.080241488191
2.7862309198211226e9,16.906202272599028,0.188259264535499,127.95749883862548,15.85342860490032,4509.868653696487
2.787304596513205e9,16.852522156517903,0.19012111033467816,128.0512313490854,15.843434307020479,4512.586655300877
2.7814286938247895e9,16.80213998860168,0.19228074224012293,128.13928640947051,15.833699022825822,4515.264451732471
2.774776905807578e9,16.751076868310516,0.19478232813275825,128.2256963228766,15.82358548392496,4517.86834898778
2.7518192011030836e9,16.709438648471952,0.19797280734497416,128.29580628020614,15.81289337787579,4520.353514063498
2.7399437493533235e9,16.65789471938683,0.20164078942820976,128.37202523281394,15.800275674399883,4522.664356740907
2.74079366081447e9,16.59483848369296,0.20556984842808823,128.45837911439153,15.786922693992837,4524.848944653521
2.7347643809555726e9,16.536217303199138,0.20975210942889447,128.53852736971984,15.773879794300544,4527.038209151138
2.7319108498748507e9,16.47345334450884,0.21418210210438765,128.62087593718852,15.760579776461508,4529.152811981217
2.7163952166021786e9,16.420222766346296,0.2190576331305629,128.69011289099333,15.747174144897818,4531.270648687394
2.708103739748816e9,16.358207259632813,0.22426139442006363,128.76368727394492,15.732588341408874,4533.222180946137
2.6943295065973797e9,16.299645245678455,0.22983703347468531,128.8299527566912,15.717397889200381,4535.135420519832
2.6783752571598816e9,16.241141293808617,0.23578299617224482,128.89100101570926,15.701032406868924,4536.963012979653
2.6790576670266967e9,16.16350213894158,0.24174671306282816,128.96577151858065,15.683514626378814,4538.493456770226
2.663329123339131e9,16.102435258043627,0.24813703243022997,129.02311868805566,15.666126492296414,4540.217913434903
2.633559226995216e9,16.054785366421726,0.25508654992182844,129.06131145573391,15.646894042195187,4542.052951181784
2.6311029891685033e9,15.972929997864082,0.26170471828412345,129.12143641088173,15.625301648959763,4543.249868391396
2.620986965316642e9,15.899053045819349,0.2686419187508676,129.1717479212125,15.603457815796956,4544.575812982622
2.613260425841661e9,15.820716820597397,0.27570411421628654,129.22150863282783,15.580936741251273,4545.770957402652
2.5984090727569275e9,15.750067782071408,0.28321345720117347,129.2598977518516,15.557543359644425,4547.049799822335
2.598742521930055e9,15.658379046931254,0.290240277566677,129.31209224660861,15.533678921018158,4547.877241345535
2.596142823982012e9,15.569861312671296,0.2974890547887665,129.36012727155514,15.510070122931479,4548.775094608975
2.5815902090073023e9,15.496770847277162,0.30553710633381115,129.3913112609152,15.48592439560348,4549.903356925024
2.571382805391855e9,15.416562106784882,0.3134282571228629,129.4228082056845,15.460752901847178,4550.815694565782
2.5618746179866276e9,15.334586659275523,0.3213432664922803,129.45114531259088,15.434881527333335,4551.627505363828
2.5668163059762487e9,15.231678844155445,0.32804314036653914,129.49577955980251,15.409034694173094,4552.092181384864
2.56448773555285e9,15.13870825152899,0.335466250893397,129.53109851287286,15.383804540008349,4552.745091625148
2.554129249592398e9,15.056993328564996,0.34371562602765876,129.55352268178558,15.358383712480396,4553.526488851597
2.552258250182149e9,14.96268480931059,0.35101359945349186,129.58380647277923,15.332520549400003,4554.091300129477
2.5447601577846856e9,14.876304934512785,0.358969205121197,129.60446795980354,15.306675573528125,4554.734739966733
2.5378306224435344e9,14.788931696531684,0.3668099271154017,129.62251309396413,15.280445500080823,4555.313991017122
2.51150199068179e9,14.729549450480187,0.3771764514216274,129.6086182182088,15.253577032236652,4556.053518421193
2.4872650094007425e9,14.66678684218512,0.3870321143171187,129.58700429131866,15.224703089680247,4556.488408863088
2.482261080079063e9,14.577619311465122,0.39382399546789865,129.58460573566316,15.193824728231931,4556.56464070267
2.4642808224845414e9,14.5056679281915,0.40262980077645044,129.55942028849563,15.163289998899758,4556.630439732815
2.4730152300963707e9,14.398907528852353,0.4070566491853313,129.56810386922288,15.130620013992766,4556.503597764978
2.452397598348271e9,14.329765640526217,0.4164794614321635,129.53351721705255,15.100509782764313,4556.440493514819
2.435391638585885e9,14.255821064738754,0.4250555148504017,129.4954722029006,15.068957928672582,4556.162310706069
2.422011519018254e9,14.177324870474605,0.43282592068261055,129.45540730823885,15.036250642649453,4555.729729581641
2.4023434076603084e9,14.106162927453694,0.44154550721497693,129.3989333115718,15.003431066162483,4555.1102538287305
2.389869716052962e9,14.026758264375855,0.44873580274081076,129.34503910235935,14.968924050989825,4554.383194425322
2.3781083093812704e9,13.946359023391981,0.4556805218029008,129.28635219934006,14.933895407422469,4553.555782182061
2.381229156436524e9,13.850116419614753,0.45991034240919637,129.2464483254238,14.897007463113365,4552.868496491945
2.3789060238966174e9,13.75834350208256,0.46532421443206823,129.19832601664945,14.8616013562416,4552.1134793203655
2.3621675121838293e9,13.681139939311624,0.4734743904405665,129.12522942707983,14.828180372124258,4551.08027756277
2.3637697200452952e9,13.58521928443989,0.4779408725263868,129.07430068480136,14.791882108425849,4550.278553800107
2.3837554677836246e9,13.46928853224951,0.47910115679789433,129.05331438942318,14.754199207104373,4549.878705647663
2.3700310753230133e9,13.386187577305588,0.48732703763663665,128.98561214819534,14.72287951179034,4548.913566320873
2.380973074616452e9,13.276739142335224,0.49039202469490834,128.95098554383284,14.687899683863595,4548.390604461004
2.346020014216638e9,13.216327566986918,0.5030941074370027,128.84747718572027,14.660248425391634,4546.923847437898
2.3212633878394957e9,13.144658697522159,0.5126590988195666,128.74435607029199,14.628868012338561,4545.390044468142
2.323836142320575e9,13.047661129033134,0.5161954182906323,128.6750238647053,14.592400976033673,4544.397367218527
2.313169159806238e9,12.961945371772945,0.5224711409044482,128.5844967102481,14.558516518002902,4543.054809956454
2.279599466774254e9,12.897288431575067,0.5328577716865917,128.45109022832963,14.527314859182658,4540.975492839376
2.2619348775880995e9,12.819003544115796,0.5389165326026304,128.32870115225668,14.49161535924513,4539.092956591669
2.244050362914203e9,12.740661898442127,0.5443819511562445,128.19764873305223,14.455038497076995,4537.053571229776
2.2226833333430395e9,12.664137059885057,0.5496615244311658,128.05192200036663,14.41789768633122,4534.737399761096
2.233982622019045e9,12.565888616680867,0.5500328624908943,127.95661654190016,14.37700626148214,4533.3966421931245
2.2372605438906193e9,12.471186759825414,0.5518917817525061,127.85115874427503,14.33828729305133,4531.839514739753
2.225541983756052e9,12.385701323869831,0.556146845398392,127.72006148176051,14.302008041295641,4529.769336559242
2.225965516392292e9,12.29147040721672,0.5584660595201905,127.60614294219506,14.264366190253886,4528.035731571617
2.2163453398791103e9,12.202951809160744,0.5623198555180963,127.47431319328933,14.228458129847807,4525.936382313961
2.205293558712451e9,12.11442705360194,0.5661192715998626,127.3360512678102,14.192668724882969,4523.702743991146
2.171733000267739e9,12.038092198774521,0.5721833846461634,127.15192699472645,14.158780947370802,4520.540475482128
2.172245908179474e9,11.940674726629148,0.5733826787085393,127.01796110741957,14.120334966663597,4518.39583631419
2.1665863097723813e9,11.845476652617966,0.5753343633141275,126.87304638788281,14.083117780790882,4516.0079216784625
2.1568329081644216e9,11.751229501068854,0.5776125786143388,126.71878490413994,14.046579153611608,4513.413126254165
2.149307396385423e9,11.654807743188828,0.5795422653205649,126.56551394058937,14.009987445474568,4510.830350792504
2.1312506223053708e9,11.561745039121986,0.5821004128684397,126.39030498703374,13.974386719278458,4507.7673365791525
2.1379293165926578e9,11.457289748659989,0.5827531086109176,126.25548420796054,13.936852274582039,4505.574500268145
2.1262323116279964e9,11.359739034235803,0.5849075120563927,126.0894716009909,13.901673566376434,4502.678213922638
2.110825046585621e9,11.262081154329476,0.5869791848037441,125.91318071919245,13.866747255842169,4499.542268584899
2.1074715975196028e9,11.158551206914264,0.5881023189545824,125.75465269207523,13.830891569983288,4496.793073473771
2.1053631533885193e9,11.054126918452218,0.589305657831377,125.59805006047132,13.795545915297133,4494.074698673441
2.1129123829785159e9,10.946596459518759,0.5902925688551073,125.45903806114056,13.760203984158945,4491.7495400412445
2.0901742439070086e9,10.848849968967121,0.5931876455958408,125.26855434142395,13.728322694643547,4488.2264212380915
2.071454321906765e9,10.746717385945741,0.5950085693847444,125.07908011305459,13.69535363693443,4484.693608043605
2.065195950221472e9,10.639108306792968,0.5959430441475703,124.9071170402139,13.661324796295851,4481.55893662244
2.0593683089510603e9,10.530731784987987,0.5968934679698821,124.73507586018903,13.62771940670718,4478.405117276027
2.0699554120231476e9,10.41924271915183,0.5976103751363099,124.59066225379325,13.59369581060946,4475.942369015667
2.0701143039007807e9,10.311227167806573,0.5990883389963992,124.43221603266231,13.561407614022892,4473.105002720331
2.0708006367203045e9,10.203574686997506,0.600764650944684,124.27562723756472,13.529760226665761,4470.301451634016
2.0459749140995877e9,10.100696073901617,0.6035303294370922,124.07654407240226,13.501050985672281,4466.422913888801
2.053353276932971e9,9.990307973306319,0.6046602555876847,123.92639984185871,13.469232975265617,4463.7731665848305
2.032519973644752e9,9.884637498006242,0.6069584902587094,123.73193398637409,13.44063938291677,4459.950988907544
2.0340520112017362e9,9.774303274287213,0.6081517517249573,123.57046588956405,13.410004150557144,4456.97343115614
2.0432413716711552e9,9.664623529650987,0.6094355931171223,123.42297182785339,13.379461685268819,4454.36406228787
2.0474806026940067e9,9.557241013615295,0.611281947691288,123.27079268051203,13.350209499186331,4451.606301526656
2.0323745087965956e9,9.45248735874341,0.6140747895902884,123.08885342752093,13.323749649412406,4448.049501550213
